Časová pečiatka,Pohlavie ,Kde bývaš? ,"Z akého okresu pochádzaš?
(napr. Pezinok)","Názov školy 
(napríklad: ZŠ Vajanského Modra)",Ktorý ročník ZŠ navštevuješ?,Čo najradšej robíš vo svojom voľnom čase?,Aký je tvoj obľúbený predmet v škole?,Ktorá hra ťa baví najviac?,Ktorý film ťa baví najviac?,Kam by si najradšej cestoval/-a?,Ktorú aktivitu alebo hru hráš veľmi dobre?,"Kedy si bol/-a hrdý/-á na niečo, čo si dokázal/-a urobiť?","Čo je podľa teba najdôležitejšie na svete?
(vyber maximálne 3 odpovede)",Prečo je dôležité pomáhať iným?,"Čo by si chcel/-a dosiahnuť, aby svet bol lepším miestom?",Ktorá oblasť povolaní sa ti páči?,"Máš nejaké vysnívané povolanie?
ak áno, napíš, ktoré povolanie je tvoje vysnívané a prečo?"
29.2.2024 15:05:10,dievča,mesto,Pezinok,ZŠ Ľudovíta Štúra Modra,5.ročník,hrám videohry,"Vedecké predmety (biológia, chémia, fyzika)",hra so stavebnicou,Fantasy a Sci-fi film,do veľkého mesta,"Hudobné nástroje: Klavír, gitara, husle, spev alebo iný hudobný nástroj",vytvoril som umelecké dielo,vzdelanie,rád robím dobré skutky,mier a bezpečnosť,"pedagogické povolania (napr. učiteľ, vychovávateľ)",
1.3.2024 8:53:44,chlapec,dedina,Pezinok,ZŠ Budmerice Budmerice,5.ročník,hrám sa vonku s priateľmi,Matematika,vytváranie príbehov alebo scenárov,Komédia,do džungle/tropického lesa,"Športové aktivity: Futbal, basketbal, plávanie, gymnastika, tenis alebo iný šport",vytvoril som umelecké dielo,"rodina, zdravie, vzdelanie",pomáhať druhým je pre mňa spoločenská zodpovednosť,zlepšenie vzdelávania,"pedagogické povolania (napr. učiteľ, vychovávateľ)",učiteľ
1.3.2024 8:53:46,dievča,dedina,Pezinok,ZŠ Budmerice Budmerice,5.ročník,hrám sa vonku s priateľmi,Telesná výchova,športové hry,Komédia,do vesmíru,"Športové aktivity: Futbal, basketbal, plávanie, gymnastika, tenis alebo iný šport","učebné úspechy: dosiahol som vysoké hodnotenie z testu, zvládol som náročné učivo, zvládol som skúšku","rodina, láska, príroda a životné prostredie",rád robím dobré skutky,ochranu životného prostredia,"športový odborník (napr. inštruktor, tréner)",zubárka
1.3.2024 8:53:50,dievča,dedina,Pezinok,ZŠ Budmerice Budmerice,5.ročník,hrám sa vonku s priateľmi,Telesná výchova,športové hry,Komédia,na exotickú pláž/ostrov,"Športové aktivity: Futbal, basketbal, plávanie, gymnastika, tenis alebo iný šport","športové výkony: vyhral som zápas, dosiahol som osobný rekord","rodina, priatelia, láska",rád robím dobré skutky,spravodlivosť,"športový odborník (napr. inštruktor, tréner)",Veterinárka
1.3.2024 8:54:47,chlapec,dedina,Pezinok,ZŠ Budmerice Budmerice,5.ročník,hrám sa vonku s priateľmi,Matematika,športové hry,Akčný film,na hory,"Športové aktivity: Futbal, basketbal, plávanie, gymnastika, tenis alebo iný šport",dokazal som urobit prestup,"rodina, zdravie, priatelia, láska, mier a spravodlivosť",rád robím dobré skutky,hrat dobre futbal,"športový odborník (napr. inštruktor, tréner)",futbal
1.3.2024 8:55:10,chlapec,dedina,Pezinok,ZŠ Budmerice Budmerice,5.ročník,hrám sa vonku s priateľmi,Telesná výchova,športové hry,Animovaný film,Los Angeles,"Športové aktivity: Futbal, basketbal, plávanie, gymnastika, tenis alebo iný šport","naučil som sa niečo nové (jazyk, šport)","rodina, zdravie, priatelia",rád robím dobré skutky,spravodlivosť,"športový odborník (napr. inštruktor, tréner)",
1.3.2024 8:55:33,dievča,dedina,Pezinok,ZŠ Budmerice Budmerice,5.ročník,venujem sa športu,Telesná výchova,brawel stars,Komédia,chorvácko,"Športové aktivity: Futbal, basketbal, plávanie, gymnastika, tenis alebo iný šport","športové výkony: vyhral som zápas, dosiahol som osobný rekord","rodina, zdravie, priatelia, láska, šťastie a radosť, dobrosrdečnosť a pomoc druhým",radosť na oboch stranách,ochranu životného prostredia,"obchod a služby so zákazníkom (maklér, predavač), športový odborník (napr. inštruktor, tréner)",precovat v škôlke
1.3.2024 8:56:08,chlapec,dedina,Pezinok,ZŠ Budmerice Budmerice,5.ročník,kreslím alebo maľujem,"Technické predmety (informatika, technická výchova)",vedecké hry,Komédia,do veľkého mesta,"Športové aktivity: Futbal, basketbal, plávanie, gymnastika, tenis alebo iný šport",dobrovoľnícka činnosť,"rodina, priatelia, dobrosrdečnosť a pomoc druhým","súcitím s ľuďmi, ktorí majú ťažkosti (empatia)",boj proti chudobe,"informačné technológie (napr. programátor, IT analytik, web dizajnér)",nie
1.3.2024 8:56:19,chlapec,dedina,Pezinok,ZŠ Budmerice Budmerice,5.ročník,venujem sa športu,"Technické predmety (informatika, technická výchova)",role-playing hra,Komédia,Kazastan,Jazykové zručnosti,"športové výkony: vyhral som zápas, dosiahol som osobný rekord","rodina, zdravie, sloboda",radosť na oboch stranách,spravodlivosť,"architektúra, stavebníctvo, geodézia (napr. architekt, stavebný dozor, geodet)",
1.3.2024 8:56:30,dievča,dedina,Pezinok,ZŠ Budmerice Budmerice,5.ročník,venujem sa športu,Hudba,športové hry,Animovaný film,na exotickú pláž/ostrov,"Športové aktivity: Futbal, basketbal, plávanie, gymnastika, tenis alebo iný šport","športové výkony: vyhral som zápas, dosiahol som osobný rekord","rodina, zdravie, láska, vzdelanie, šťastie a radosť, dobrosrdečnosť a pomoc druhým","mám rád, keď som vzorom pre druhých",zlepšenie vzdelávania,veterinár,
1.3.2024 8:56:50,dievča,dedina,Pezinok,ZŠ Budmerice Budmerice,5.ročník,počúvam hudbu,Dejepis,vytváranie príbehov alebo scenárov,Historický film,do historického mesta,"Umenie a kreatívne aktivity: Maľovanie, kreslenie, remeselné práce alebo vytváranie umeleckých diel",vytvoril som umelecké dielo,"rodina, zdravie, príroda a životné prostredie",vznikajú nové a silné priateľstvá,spravodlivosť,"architektúra, stavebníctvo, geodézia (napr. architekt, stavebný dozor, geodet), veterinárske lekárstvo (napr. veterinárny lekár, veterinárny asistent)",veterinárka alebo umelkyňa 
1.3.2024 8:57:02,chlapec,dedina,Pezinok,ZŠ Budmerice Budmerice,5.ročník,hrám videohry,"Vedecké predmety (biológia, chémia, fyzika)",roblox,Animovaný film,do veľkého mesta,strielačky fortnite,"naučil som sa niečo nové (jazyk, šport)","rodina, priatelia, láska",radosť na oboch stranách,boj proti chudobe,youruber,
1.3.2024 8:57:15,chlapec,dedina,Pezinok,ZŠ Budmerice Budmerice,5.ročník,hrám videohry,Matematika,role-playing hra,Dobrodružný film,do džungle/tropického lesa,strielački,"športové výkony: vyhral som zápas, dosiahol som osobný rekord","rodina, mier a spravodlivosť, šťastie a radosť","mám rád, keď som vzorom pre druhých",ochranu životného prostredia,"architektúra, stavebníctvo, geodézia (napr. architekt, stavebný dozor, geodet),  ",vojak
1.3.2024 8:57:18,dievča,dedina,Pezinok,ZŠ Budmerice Budmerice,5.ročník,hrám sa vonku s priateľmi,Telesná výchova,športové hry,Dokumentárny film,na exotickú pláž/ostrov,"Športové aktivity: Futbal, basketbal, plávanie, gymnastika, tenis alebo iný šport","športové výkony: vyhral som zápas, dosiahol som osobný rekord","rodina, priatelia, láska","súcitím s ľuďmi, ktorí majú ťažkosti (empatia)",spravodlivosť,"marketing a reklama (napr. grafik, marketingový analytik)",Veterinárka
1.3.2024 8:57:58,dievča,dedina,Pezinok,ZŠ Budmerice Budmerice,5.ročník,hrám sa vonku s priateľmi,Matematika,hra na povolania lekár/veterinár,Romantický film,na exotickú pláž/ostrov,"Hudobné nástroje: Klavír, gitara, husle, spev alebo iný hudobný nástroj","naučil som sa niečo nové (jazyk, šport)","rodina, zdravie, priatelia, láska, vzdelanie",vznikajú nové a silné priateľstvá,spravodlivosť,"ekonomika, financie, účtovníctvo (napr. audítor, daňový špecialista, účtovník), informačné technológie (napr. programátor, IT analytik, web dizajnér), architektúra, stavebníctvo, geodézia (napr. architekt, stavebný dozor, geodet), remeselné živnosti (napr. kuchár, kaderník, murár, tesár, mäsiar, manikúra)","IT technika, Kaderníčka, "
1.3.2024 8:58:08,chlapec,dedina,Pezinok,ZŠ Budmerice Budmerice,5.ročník,hrám sa vonku s priateľmi,Matematika,ROBLOX,STRÁSCOVIA GALAXIJE,k moru do chorvádska,"Športové aktivity: Futbal, basketbal, plávanie, gymnastika, tenis alebo iný šport","učebné úspechy: dosiahol som vysoké hodnotenie z testu, zvládol som náročné učivo, zvládol som skúšku","rodina, zdravie, priatelia",rád robím dobré skutky,ochranu životného prostredia,"obchod a služby so zákazníkom (maklér, predavač)",obchodovanie/predavač
1.3.2024 8:58:11,chlapec,dedina,Pezinok,ZŠ Budmerice Budmerice,5.ročník,hrám sa vonku s priateľmi,geografia a matematika,lego,Animovaný film,do Talianka,"Športové aktivity: Futbal, basketbal, plávanie, gymnastika, tenis alebo iný šport","naučil som sa niečo nové (jazyk, šport)","rodina, zdravie, láska, mier a spravodlivosť",rád robím dobré skutky,mier a bezpečnosť,"remeselné živnosti (napr. kuchár, kaderník, murár, tesár, mäsiar, manikúra)",
1.3.2024 8:59:30,dievča,dedina,Pezinok,ZŠ Budmerice Budmerice,5.ročník,hrám sa z priateľmi,Matematika,počítačová hra ,Fantasy a Sci-fi film,do hotela pri mori,"Hudobné nástroje: Klavír, gitara, husle, spev alebo iný hudobný nástroj","učebné úspechy: dosiahol som vysoké hodnotenie z testu, zvládol som náročné učivo, zvládol som skúšku","rodina, priatelia, príroda a životné prostredie",radosť na oboch stranách,ochranu životného prostredia,"veterinárske lekárstvo (napr. veterinárny lekár, veterinárny asistent)",veterina
1.3.2024 9:04:38,chlapec,dedina,Pezinok,ZŠ Budmerice Budmerice,5.ročník,venujem sa športu,"Technické predmety (informatika, technická výchova)",športové hry,Akčný film,na exotickú pláž/ostrov,"Športové aktivity: Futbal, basketbal, plávanie, gymnastika, tenis alebo iný šport","naučil som sa niečo nové (jazyk, šport)","zdravie, priatelia, láska, sloboda",pomáhať druhým je pre mňa spoločenská zodpovednosť,zlepšenie inovácií a technológií,bankovníctvo (napr. bankový poradca),krypto /akcie/ forex trading / dropshipping
1.3.2024 10:48:09,chlapec,dedina,Pezinok,ZŠ Budmerice Budmerice,9.ročník,tvorím a modelujem rôzne projekty,"Technické predmety (informatika, technická výchova)",logické hry,Komédia,na exotickú pláž/ostrov,"Hranie logických hier (šach, sudoku), riešenie matematických hádaniek alebo účasť na matematických súťažiach",dosiahol som osobné ciele a viac sa spoznal,"rodina, priatelia, láska","súcitím s ľuďmi, ktorí majú ťažkosti (empatia)",zlepšenie inovácií a technológií,"remeselné živnosti (napr. kuchár, kaderník, murár, tesár, mäsiar, manikúra)",
1.3.2024 10:49:44,dievča,dedina,Pezinok,ZŠ Budmerice Budmerice,9.ročník,počúvam hudbu,Jazyky,vytváranie príbehov alebo scenárov,Komédia,do veľkého mesta,"Umenie a kreatívne aktivity: Maľovanie, kreslenie, remeselné práce alebo vytváranie umeleckých diel",dosiahol som osobné ciele a viac sa spoznal,"rodina, zdravie, priatelia",radosť na oboch stranách,spravodlivosť,"zdravotníctvo (napr. lekár, farmaceut, masér)",zubný asistent
1.3.2024 10:50:42,chlapec,dedina,Pezinok,ZŠ Budmerice Budmerice,9.ročník,venujem sa športu,Telesná výchova,športové hry,Akčný film,na exotickú pláž/ostrov,"Športové aktivity: Futbal, basketbal, plávanie, gymnastika, tenis alebo iný šport",úspešne som prekonal svoj strach,"rodina, zdravie, šťastie a radosť",rád robím dobré skutky,ochranu životného prostredia,Letecký mechanik (práca na dopravných lietadlách),Letecký mechanik alebo pilot
1.3.2024 10:51:06,chlapec,dedina,Pezinok,ZŠ Budmerice Budmerice,9.ročník,venujem sa športu,Telesná výchova,športové hry,Akčný film,Barcelona ,"Športové aktivity: Futbal, basketbal, plávanie, gymnastika, tenis alebo iný šport","športové výkony: vyhral som zápas, dosiahol som osobný rekord","rodina, zdravie, priatelia",vznikajú nové a silné priateľstvá,ochranu životného prostredia,"športový odborník (napr. inštruktor, tréner), ",Futbalista
1.3.2024 10:52:31,chlapec,dedina,Pezinok,ZŠ Budmerice Budmerice,9.ročník,hrám videohry,Matematika,logické hry,Fantasy a Sci-fi film,do vesmíru,"Hranie logických hier (šach, sudoku), riešenie matematických hádaniek alebo účasť na matematických súťažiach","učebné úspechy: dosiahol som vysoké hodnotenie z testu, zvládol som náročné učivo, zvládol som skúšku","rodina, zdravie, šťastie a radosť",vznikajú nové a silné priateľstvá,spravodlivosť,"informačné technológie (napr. programátor, IT analytik, web dizajnér)",Programátor hier 
1.3.2024 10:55:25,chlapec,dedina,Pezinok,ZŠ Budmerice Budmerice,9.ročník,hrám sa vonku s priateľmi,Telesná výchova,športové hry,Akčný film,na exotickú pláž/ostrov,"Športové aktivity: Futbal, basketbal, plávanie, gymnastika, tenis alebo iný šport","športové výkony: vyhral som zápas, dosiahol som osobný rekord","rodina, zdravie, priatelia, láska, vzdelanie, mier a spravodlivosť, šťastie a radosť, dobrosrdečnosť a pomoc druhým","súcitím s ľuďmi, ktorí majú ťažkosti (empatia)",spravodlivosť,"bankovníctvo (napr. bankový poradca), manažment (napr. vedúci predajne, projektový manažér), obchod a služby so zákazníkom (maklér, predavač), športový odborník (napr. inštruktor, tréner)",
1.3.2024 10:56:26,chlapec,dedina,Pezinok,ZŠ Budmerice Budmerice,9.ročník,venujem sa športu,Telesná výchova,športové hry,Akčný film,na exotickú pláž/ostrov,"Športové aktivity: Futbal, basketbal, plávanie, gymnastika, tenis alebo iný šport","športové výkony: vyhral som zápas, dosiahol som osobný rekord","rodina, zdravie, láska",rád robím dobré skutky,spravodlivosť,"doprava a logistika (napr. pilot, lodný kapitán, rušňovodič, kuriér)",Neviem este
12.3.2024 12:57:34,chlapec,mesto,Pezinok,ZŠ Ľudovíta Štúra Modra,8.ročník,hrám videohry,Matematika,strielacky,Komédia,na hory,"Programovanie a technológie: Programovanie počítačových hier, tvorba webových stránok alebo práca s technologickými zariadeniami","naučil som sa niečo nové (jazyk, šport)","rodina, zdravie, šťastie a radosť",radosť na oboch stranách,zlepšenie umeleckej oblasti,"cestovný ruch a hotelierstvo (napr. delegát, pracovník cestovnej kancelárie)","policajt, ..."
12.3.2024 12:58:02,chlapec,mesto,Pezinok,ZŠ Ľudovíta Štúra Modra,8.ročník,hrám sa vonku s priateľmi,Dejepis,hra so stavebnicou,Komédia,do historického mesta,"Dramatické umenie: Herectvo, réžia, divadelné predstavenia","učebné úspechy: dosiahol som vysoké hodnotenie z testu, zvládol som náročné učivo, zvládol som skúšku",rodina,rád robím dobré skutky,mier a bezpečnosť,"architektúra, stavebníctvo, geodézia (napr. architekt, stavebný dozor, geodet)","historik, baví ma história"
12.3.2024 12:58:11,chlapec,mesto,Pezinok,ZŠ Ľudovíta Štúra Modra,8.ročník,venujem sa športu,programovanie,športové hry,Akčný film,do ameriky,"Športové aktivity: Futbal, basketbal, plávanie, gymnastika, tenis alebo iný šport","športové výkony: vyhral som zápas, dosiahol som osobný rekord","rodina, zdravie, priatelia, láska, šťastie a radosť, sloboda, dobrosrdečnosť a pomoc druhým",radosť na oboch stranách,lepšiu zdravotnícku starostlivosť,"biznisman, sportovec",NBA player
12.3.2024 12:58:24,dievča,mesto,Pezinok,ZŠ Ľudovíta Štúra Modra,8.ročník,Vyrábam šperky a háčkujem ,Matematika,výtvarné hry,Fantasy a Sci-fi film,na exotickú pláž/ostrov,"Hudobné nástroje: Klavír, gitara, husle, spev alebo iný hudobný nástroj",úspešne som prekonal svoj strach,"rodina, láska, mier a spravodlivosť","súcitím s ľuďmi, ktorí majú ťažkosti (empatia)",mier a bezpečnosť,"zdravotníctvo (napr. lekár, farmaceut, masér)",Chcela by som pomáhať ľudom
12.3.2024 12:58:25,dievča,dedina,Pezinok,ZŠ Budmerice Budmerice,8.ročník,počúvam hudbu,Jazyky,role-playing hra,Fantasy a Sci-fi film,do džungle/tropického lesa,"Športové aktivity: Futbal, basketbal, plávanie, gymnastika, tenis alebo iný šport",vytvoril som umelecké dielo,zdravie,"súcitím s ľuďmi, ktorí majú ťažkosti (empatia)",ochranu životného prostredia,"športový odborník (napr. inštruktor, tréner)",baví ma tanec niečo s tým
12.3.2024 12:58:37,dievča,mesto,Pezinok,ZŠ Ľudovíta Štúra Modra,8.ročník,hrám sa vonku s priateľmi,Matematika,logické hry,Komédia,do veľkého mesta,"Hranie logických hier (šach, sudoku), riešenie matematických hádaniek alebo účasť na matematických súťažiach","športové výkony: vyhral som zápas, dosiahol som osobný rekord","rodina, zdravie, priatelia",vznikajú nové a silné priateľstvá,ochranu životného prostredia,"remeselné živnosti (napr. kuchár, kaderník, murár, tesár, mäsiar, manikúra)",nemám
12.3.2024 12:58:46,dievča,dedina,Pezinok,ZŠ Budmerice Budmerice,8.ročník,venujem sa športu,Telesná výchova,športové hry,Komédia,na exotickú pláž/ostrov,"Športové aktivity: Futbal, basketbal, plávanie, gymnastika, tenis alebo iný šport","športové výkony: vyhral som zápas, dosiahol som osobný rekord","rodina, priatelia, Šport",rád robím dobré skutky,ochranu životného prostredia,"cestovný ruch a hotelierstvo (napr. delegát, pracovník cestovnej kancelárie)",Asi veterinárka lebo od mala mám cit k zvieratám 
12.3.2024 12:58:59,dievča,mesto,Pezinok,ZŠ Ľudovíta Štúra Modra,8.ročník,hrám sa vonku s priateľmi,Matematika,strielačky,Komédia,na exotickú pláž/ostrov,Jazykové zručnosti,"učebné úspechy: dosiahol som vysoké hodnotenie z testu, zvládol som náročné učivo, zvládol som skúšku","rodina, priatelia, láska",vznikajú nové a silné priateľstvá,mier a bezpečnosť,"bankovníctvo (napr. bankový poradca), informačné technológie (napr. programátor, IT analytik, web dizajnér), obchod a služby so zákazníkom (maklér, predavač), pedagogické povolania (napr. učiteľ, vychovávateľ), remeselné živnosti (napr. kuchár, kaderník, murár, tesár, mäsiar, manikúra)",učiteľka matematiky alebo fotografka
12.3.2024 12:59:00,chlapec,mesto,Pezinok,ZŠ Ľudovíta Štúra Modra,8.ročník,hrám videohry,Telesná výchova,hra so stavebnicou,Akčný film,na hory,"Športové aktivity: Futbal, basketbal, plávanie, gymnastika, tenis alebo iný šport",zúčastnil som sa matematickej súťaže,"rodina, zdravie, priatelia, šťastie a radosť",rád robím dobré skutky,spravodlivosť,"ekonomika, financie, účtovníctvo (napr. audítor, daňový špecialista, účtovník)",Nemam
12.3.2024 12:59:17,dievča,dedina,Pezinok,ZŠ Budmerice Budmerice,8.ročník,hrám videohry,"Vedecké predmety (biológia, chémia, fyzika)",logické hry,Anime,do krajiny s exotickou kuchyňou,Debaty a komunikácia,dosiahol som osobné ciele a viac sa spoznal,"sloboda, peniaze",neni,zlepšenie inovácií a technológií,"manažment (napr. vedúci predajne, projektový manažér), zdravotníctvo (napr. lekár, farmaceut, masér)","Dermatolog, Lebo :3"
12.3.2024 12:59:17,dievča,dedina,Pezinok,ZŠ Budmerice Budmerice,8.ročník,venujem sa športu,náboženstvo,logické hry,Komédia,na exotickú pláž/ostrov,"Športové aktivity: Futbal, basketbal, plávanie, gymnastika, tenis alebo iný šport","športové výkony: vyhral som zápas, dosiahol som osobný rekord","rodina, zdravie, šťastie a radosť","súcitím s ľuďmi, ktorí majú ťažkosti (empatia)",ochranu životného prostredia,"remeselné živnosti (napr. kuchár, kaderník, murár, tesár, mäsiar, manikúra)","byť lekárkou, ale nie som dostatočne múdra na zdravotnú školu."
12.3.2024 12:59:31,dievča,mesto,Pezinok,ZŠ Ľudovíta Štúra Modra,8.ročník,hrám videohry,Jazyky,športové hry,Fantasy a Sci-fi film,na exotickú pláž/ostrov,"Športové aktivity: Futbal, basketbal, plávanie, gymnastika, tenis alebo iný šport","športové výkony: vyhral som zápas, dosiahol som osobný rekord","zdravie, priatelia, láska",rád robím dobré skutky,ochranu životného prostredia,"marketing a reklama (napr. grafik, marketingový analytik)",
12.3.2024 12:59:53,chlapec,mesto,Pezinok,ZŠ Ľudovíta Štúra Modra,8.ročník,hrám videohry,Telesná výchova,mobiné hry,kombinacie 1 3 7,do krajiny s exotickou kuchyňou,"Programovanie a technológie: Programovanie počítačových hier, tvorba webových stránok alebo práca s technologickými zariadeniami",naprogramoval som aplikáciu,"rodina, zdravie, mier a spravodlivosť, sloboda","súcitím s ľuďmi, ktorí majú ťažkosti (empatia)",ochranu životného prostredia,"marketing a reklama (napr. grafik, marketingový analytik)",nie
12.3.2024 13:00:20,dievča,dedina,Pezinok,ZŠ Budmerice Budmerice,8.ročník,počúvam hudbu,Hudba,športové hry,Komédia,na hory,"Športové aktivity: Futbal, basketbal, plávanie, gymnastika, tenis alebo iný šport",úspešne som prekonal svoj strach,"rodina, zdravie, priatelia, láska, príroda a životné prostredie",vznikajú nové a silné priateľstvá,spravodlivosť,"obchod a služby so zákazníkom (maklér, predavač)",Záhradníctvo 
12.3.2024 13:00:20,dievča,mesto,Pezinok,ZŠ Ľudovíta Štúra Modra,8.ročník,hrám sa vonku s priateľmi,Jazyky,športové hry,Animovaný film,do polárnych oblastí,"Športové aktivity: Futbal, basketbal, plávanie, gymnastika, tenis alebo iný šport","naučil som sa niečo nové (jazyk, šport)","rodina, zdravie, priatelia","súcitím s ľuďmi, ktorí majú ťažkosti (empatia)",mier a bezpečnosť,bankovníctvo (napr. bankový poradca),
12.3.2024 13:00:25,chlapec,mesto,Pezinok,ZŠ Ľudovíta Štúra Modra,8.ročník,hrám sa vonku s priateľmi,Telesná výchova,športové hry,Akčný film,na exotickú pláž/ostrov,"Športové aktivity: Futbal, basketbal, plávanie, gymnastika, tenis alebo iný šport","športové výkony: vyhral som zápas, dosiahol som osobný rekord","rodina, zdravie, šťastie a radosť","súcitím s ľuďmi, ktorí majú ťažkosti (empatia)",mier a bezpečnosť,Policajt,
12.3.2024 13:00:32,dievča,mesto,Pezinok,ZŠ Ľudovíta Štúra Modra,8.ročník,čítam knihu,Jazyky,logické hry,Fantasy a Sci-fi film,do veľkého mesta,"Organizovanie udalostí, vedenie tímu alebo riadenie projektov","učebné úspechy: dosiahol som vysoké hodnotenie z testu, zvládol som náročné učivo, zvládol som skúšku","vzdelanie, príroda a životné prostredie, mier a spravodlivosť","mám rád, keď som vzorom pre druhých",spravodlivosť,"spisovateľ, prekladateľ, ...",ešte nie
12.3.2024 13:00:38,dievča,mesto,Pezinok,ZŠ Ľudovíta Štúra Modra,8.ročník,počúvam hudbu,Hudba,vytváranie príbehov alebo scenárov,Komédia,do historického mesta,"Hudobné nástroje: Klavír, gitara, husle, spev alebo iný hudobný nástroj","športové výkony: vyhral som zápas, dosiahol som osobný rekord","rodina, zdravie, láska",rád robím dobré skutky,ochranu životného prostredia,herectvo,spevák pretože ma to baví 
12.3.2024 13:00:38,chlapec,mesto,Pezinok,ZŠ Ľudovíta Štúra Modra,8.ročník,počúvam hudbu,Geografia,vytváranie príbehov alebo scenárov,Fantasy a Sci-fi film,do historického mesta,"Hudobné nástroje: Klavír, gitara, husle, spev alebo iný hudobný nástroj",naprogramoval som aplikáciu,"rodina, zdravie, zvieratá",radosť na oboch stranách,zlepšenie umeleckej oblasti,"veterinárske lekárstvo (napr. veterinárny lekár, veterinárny asistent)",
12.3.2024 13:00:46,dievča,dedina,Pezinok,ZŠ Budmerice Budmerice,8.ročník,hrám videohry,Hudba,výtvarné hry,Animovaný film,na exotickú pláž/ostrov,"Umenie a kreatívne aktivity: Maľovanie, kreslenie, remeselné práce alebo vytváranie umeleckých diel",vytvoril som umelecké dielo,"rodina, zdravie, priatelia",rád robím dobré skutky,zlepšenie vzdelávania,sociálna starostlivosť (napr. opatrovateľ),kozemeticka
12.3.2024 13:01:05,dievča,dedina,Pezinok,ZŠ Budmerice Budmerice,8.ročník,venujem sa športu,Telesná výchova,športové hry,Romantický film,na exotickú pláž/ostrov,"Športové aktivity: Futbal, basketbal, plávanie, gymnastika, tenis alebo iný šport","športové výkony: vyhral som zápas, dosiahol som osobný rekord","rodina, priatelia, šťastie a radosť",rád robím dobré skutky,spravodlivosť,"športový odborník (napr. inštruktor, tréner)",Chcela by som skúsiť ísť do olympijských hier vo volejbale lebo mám veľmi rada volejbal.
12.3.2024 13:01:09,dievča,mesto,Pezinok,ZŠ Ľudovíta Štúra Modra,8.ročník,"Chodím von, čítam, hrám hry ",Geografia,role-playing hra,Romantický film,na exotickú pláž/ostrov,"Umenie a kreatívne aktivity: Maľovanie, kreslenie, remeselné práce alebo vytváranie umeleckých diel",Urobila by som radosť inému človeku ,"rodina, zdravie, priatelia",radosť na oboch stranách,zlepšenie vzdelávania,"marketing a reklama (napr. grafik, marketingový analytik), obchod a služby so zákazníkom (maklér, predavač), pedagogické povolania (napr. učiteľ, vychovávateľ)",Není to moc povolanie ale chcela by som mať svoj vlastný obchod s mojimi vecami :)
12.3.2024 13:01:11,chlapec,mesto,Pezinok,ZŠ Ľudovíta Štúra Modra,8.ročník,kreslím alebo maľujem,Dejepis,vytváranie príbehov alebo scenárov,Historický film,do historického mesta,"Umenie a kreatívne aktivity: Maľovanie, kreslenie, remeselné práce alebo vytváranie umeleckých diel","učebné úspechy: dosiahol som vysoké hodnotenie z testu, zvládol som náročné učivo, zvládol som skúšku","vzdelanie, Ja",Pomaham druhym aby som nedostal karmu,zlepšenie vzdelávania,"cestovný ruch a hotelierstvo (napr. delegát, pracovník cestovnej kancelárie), doprava a logistika (napr. pilot, lodný kapitán, rušňovodič, kuriér), zdravotníctvo (napr. lekár, farmaceut, masér)",
12.3.2024 13:01:28,chlapec,dedina,Pezinok,ZŠ Budmerice Budmerice,8.ročník,hrám videohry,Výtvarná výchova,role-playing hra,Historický film,na hory,"Umenie a kreatívne aktivity: Maľovanie, kreslenie, remeselné práce alebo vytváranie umeleckých diel",vytvoril som umelecké dielo,"rodina, vzdelanie, mier a spravodlivosť",vznikajú nové a silné priateľstvá,mier a bezpečnosť,Poľnohospodárstvo,Poľnohospodár na Družstve
12.3.2024 13:01:39,dievča,dedina,Pezinok,ZŠ Budmerice Budmerice,8.ročník,venujem sa športu,Matematika,športové hry,Komédia,na exotickú pláž/ostrov,"Športové aktivity: Futbal, basketbal, plávanie, gymnastika, tenis alebo iný šport","naučil som sa niečo nové (jazyk, šport)","rodina, zdravie, vzdelanie",radosť na oboch stranách,spravodlivosť,"bankovníctvo (napr. bankový poradca), športový odborník (napr. inštruktor, tréner), zdravotníctvo (napr. lekár, farmaceut, masér)",Nemám presne vysnívané povolanie ale niečo v takom zmysle že bankovníctvo pretože ma fakt veľmi baví matematika a práca z peniazmi. 
12.3.2024 13:01:49,dievča,mesto,Pezinok,ZŠ Ľudovíta Štúra Modra,8.ročník,hrám sa vonku s priateľmi,Telesná výchova,športové hry,Horor,na exotickú pláž/ostrov,"Športové aktivity: Futbal, basketbal, plávanie, gymnastika, tenis alebo iný šport","športové výkony: vyhral som zápas, dosiahol som osobný rekord","rodina, zdravie, priatelia, láska, šťastie a radosť, sloboda",radosť na oboch stranách,spravodlivosť,"bankovníctvo (napr. bankový poradca), manažment (napr. vedúci predajne, projektový manažér), marketing a reklama (napr. grafik, marketingový analytik), športový odborník (napr. inštruktor, tréner), zdravotníctvo (napr. lekár, farmaceut, masér), veterinárske lekárstvo (napr. veterinárny lekár, veterinárny asistent)",Kozmetička 
12.3.2024 13:01:57,dievča,dedina,Pezinok,ZŠ Budmerice Budmerice,8.ročník,venujem sa športu,Matematika,športové hry,Romantický film,na exotickú pláž/ostrov,"Športové aktivity: Futbal, basketbal, plávanie, gymnastika, tenis alebo iný šport","učebné úspechy: dosiahol som vysoké hodnotenie z testu, zvládol som náročné učivo, zvládol som skúšku","rodina, zdravie, šťastie a radosť, dobrosrdečnosť a pomoc druhým",rád robím dobré skutky,mier a bezpečnosť,"architektúra, stavebníctvo, geodézia (napr. architekt, stavebný dozor, geodet)",Architektka
12.3.2024 13:03:10,dievča,mesto,Pezinok,ZŠ Ľudovíta Štúra Modra,8.ročník,venujem sa športu,Matematika,športové hry,Romantický film,na exotickú pláž/ostrov,"Športové aktivity: Futbal, basketbal, plávanie, gymnastika, tenis alebo iný šport","športové výkony: vyhral som zápas, dosiahol som osobný rekord","rodina, priatelia, láska, šťastie a radosť","súcitím s ľuďmi, ktorí majú ťažkosti (empatia)",spravodlivosť,Architektúra ,Architektúra lebo mám veľmi rada rysovanie a som dosť presná a hlavne ma to baví 
12.3.2024 13:03:39,chlapec,mesto,Pezinok,ZŠ Ľudovíta Štúra Modra,8.ročník,venujem sa športu,Telesná výchova,logické hry,Fantasy a Sci-fi film,na hory,"Hranie logických hier (šach, sudoku), riešenie matematických hádaniek alebo účasť na matematických súťažiach","športové výkony: vyhral som zápas, dosiahol som osobný rekord","rodina, zdravie, priatelia",radosť na oboch stranách,spravodlivosť,"remeselné živnosti (napr. kuchár, kaderník, murár, tesár, mäsiar, manikúra)",
12.3.2024 13:05:14,chlapec,dedina,Pezinok,ZŠ Budmerice Budmerice,8.ročník,venujem sa športu,Telesná výchova,športové hry,Akčný film,na hory,"Športové aktivity: Futbal, basketbal, plávanie, gymnastika, tenis alebo iný šport","športové výkony: vyhral som zápas, dosiahol som osobný rekord","rodina, zdravie, priatelia",vznikajú nové a silné priateľstvá,lepšiu zdravotnícku starostlivosť,"remeselné živnosti (napr. kuchár, kaderník, murár, tesár, mäsiar, manikúra)",Robiť s nerezové výrobky mam doma dielňu 
12.3.2024 13:05:25,dievča,mesto,Pezinok,ZŠ Ľudovíta Štúra Modra,8.ročník,venujem sa športu,Matematika,športové hry,Romantický film,na exotickú pláž/ostrov,"Športové aktivity: Futbal, basketbal, plávanie, gymnastika, tenis alebo iný šport","športové výkony: vyhral som zápas, dosiahol som osobný rekord","rodina, priatelia, láska, vzdelanie, šťastie a radosť, sloboda","súcitím s ľuďmi, ktorí majú ťažkosti (empatia)",spravodlivosť,Stavebníctvo ,Architektúra lebo mám veľmi rada rysovanie a som v tom dosť presná a hlavne ma to baví 
12.3.2024 14:15:14,chlapec,mesto,Pezinok,ZŠ Ľudovíta Štúra Modra,8.ročník,venujem sa športu,Matematika,športové hry,Fantasy a Sci-fi film,do polárnych oblastí,"Športové aktivity: Futbal, basketbal, plávanie, gymnastika, tenis alebo iný šport","športové výkony: vyhral som zápas, dosiahol som osobný rekord","rodina, priatelia",radosť na oboch stranách,zlepšenie inovácií a technológií,"ekonomika, financie, účtovníctvo (napr. audítor, daňový špecialista, účtovník), informačné technológie (napr. programátor, IT analytik, web dizajnér)",Nie
12.3.2024 15:47:07,chlapec,mesto,Pezinok,ZŠ Ľudovíta Štúra Modra,8.ročník,venujem sa športu,Telesná výchova,športové hry,Komédia,do veľkého mesta,"Športové aktivity: Futbal, basketbal, plávanie, gymnastika, tenis alebo iný šport","športové výkony: vyhral som zápas, dosiahol som osobný rekord","rodina, zdravie, šťastie a radosť",rád robím dobré skutky,spravodlivosť,"bankovníctvo (napr. bankový poradca), ekonomika, financie, účtovníctvo (napr. audítor, daňový špecialista, účtovník), marketing a reklama (napr. grafik, marketingový analytik), obchod a služby so zákazníkom (maklér, predavač), športový odborník (napr. inštruktor, tréner)",
12.3.2024 18:12:52,chlapec,mesto,Pezinok,ZŠ Ľudovíta Štúra Modra,8.ročník,hrám videohry,Telesná výchova,športové hry,Akčný film,na hory,"Športové aktivity: Futbal, basketbal, plávanie, gymnastika, tenis alebo iný šport","naučil som sa niečo nové (jazyk, šport)","rodina, zdravie, mier a spravodlivosť",radosť na oboch stranách,boj proti chudobe,"športový odborník (napr. inštruktor, tréner)",
12.3.2024 21:19:24,dievča,mesto,Pezinok,ZŠ Ľudovíta Štúra Modra,8.ročník,venujem sa športu,Telesná výchova,športové hry,Romantický film,na festival,"Športové aktivity: Futbal, basketbal, plávanie, gymnastika, tenis alebo iný šport","športové výkony: vyhral som zápas, dosiahol som osobný rekord","rodina, zdravie, dobrosrdečnosť a pomoc druhým","súcitím s ľuďmi, ktorí majú ťažkosti (empatia)",lepšiu zdravotnícku starostlivosť,"športový odborník (napr. inštruktor, tréner)",
13.3.2024 12:57:17,chlapec,dedina,Pezinok,ZŠ Budmerice Budmerice,7.ročník,hrám sa vonku s priateľmi,Telesná výchova,športové hry,Akčný film,na exotickú pláž/ostrov,"Športové aktivity: Futbal, basketbal, plávanie, gymnastika, tenis alebo iný šport","naučil som sa niečo nové (jazyk, šport)",zdravie,vznikajú nové a silné priateľstvá,mier a bezpečnosť,"športový odborník (napr. inštruktor, tréner)",futbalista
13.3.2024 13:00:24,dievča,dedina,Pezinok,ZŠ Budmerice Budmerice,7.ročník,hrám sa vonku s priateľmi,Telesná výchova,logické hry,hororový film,na exotickú pláž/ostrov,"Hranie logických hier (šach, sudoku), riešenie matematických hádaniek alebo účasť na matematických súťažiach",úspešne som prekonal svoj strach,"rodina, priatelia, šťastie a radosť","súcitím s ľuďmi, ktorí majú ťažkosti (empatia)",spravodlivosť,"sociálna starostlivosť (napr. opatrovateľ), zdravotníctvo (napr. lekár, farmaceut, masér)",chcela by som sa dostať na kriminológiu ale taktiež by ma bavilo herectvo
13.3.2024 13:00:30,chlapec,mesto,Pezinok,ZŠ Ľudovíta Štúra Modra,7.ročník,venujem sa športu,Telesná výchova,športové hry,Akčný film,do veľkého mesta,"Športové aktivity: Futbal, basketbal, plávanie, gymnastika, tenis alebo iný šport","športové výkony: vyhral som zápas, dosiahol som osobný rekord","rodina, zdravie, priatelia, láska, vzdelanie, príroda a životné prostredie, mier a spravodlivosť, šťastie a radosť, sloboda, dobrosrdečnosť a pomoc druhým",vznikajú nové a silné priateľstvá,mier a bezpečnosť,"športový odborník (napr. inštruktor, tréner)",
13.3.2024 13:01:08,dievča,mesto,Pezinok,ZŠ Ľudovíta Štúra Modra,7.ročník,počúvam hudbu,Telesná výchova,logické hry,Fantasy a Sci-fi film,na formulu 1,Jazykové zručnosti,úspešne som prekonal svoj strach,"zdravie, priatelia, láska","súcitím s ľuďmi, ktorí majú ťažkosti (empatia)",ochranu životného prostredia,"bankovníctvo (napr. bankový poradca), ekonomika, financie, účtovníctvo (napr. audítor, daňový špecialista, účtovník), cestovný ruch a hotelierstvo (napr. delegát, pracovník cestovnej kancelárie), zdravotníctvo (napr. lekár, farmaceut, masér)",Asi zubný špecialisti pretože ma toto povolanie veľmi zaujíma všetkými spôsobmi
13.3.2024 13:01:45,dievča,mesto,Pezinok,ZŠ Ľudovíta Štúra Modra,7.ročník,venujem sa športu,Telesná výchova,športové hry,horor,na exotickú pláž/ostrov,"Športové aktivity: Futbal, basketbal, plávanie, gymnastika, tenis alebo iný šport","učebné úspechy: dosiahol som vysoké hodnotenie z testu, zvládol som náročné učivo, zvládol som skúšku","rodina, zdravie, šťastie a radosť",vznikajú nové a silné priateľstvá,ochranu životného prostredia,"športový odborník (napr. inštruktor, tréner), remeselné živnosti (napr. kuchár, kaderník, murár, tesár, mäsiar, manikúra)",Kaderníčka baví ma to 
13.3.2024 13:03:24,dievča,mesto,Pezinok,ZŠ Ľudovíta Štúra Modra,7.ročník,počúvam hudbu,Jazyky,športové hry,Akčný film,nemám rada cestovanie,"Dramatické umenie: Herectvo, réžia, divadelné predstavenia",úspešne som prekonal svoj strach,"láska, mier a spravodlivosť, šťastie a radosť",rád robím dobré skutky,ochranu životného prostredia,"remeselné živnosti (napr. kuchár, kaderník, murár, tesár, mäsiar, manikúra)",Nie som is istá ale možno by som chcela byť som profesionálne fotiť alebo točiť videá možno aj filmy lebo sa páči pracovať s kamerou a fotoaparátom.
13.3.2024 13:03:34,dievča,dedina,Pezinok,ZŠ Budmerice Budmerice,7.ročník,venujem sa športu,Telesná výchova,športové hry,Akčný film,do veľkého mesta,"Športové aktivity: Futbal, basketbal, plávanie, gymnastika, tenis alebo iný šport","športové výkony: vyhral som zápas, dosiahol som osobný rekord","rodina, priatelia, láska","mám rád, keď som vzorom pre druhých",mier a bezpečnosť,"manažment (napr. vedúci predajne, projektový manažér), športový odborník (napr. inštruktor, tréner)",Chcem byť profesionálna hádzanárka.Vo voľnom čase sa venujem hlavne tomuto športu chcem mu venovať celý život a zlepšovať sa v ňom.Vo svojom živote chcem zarábať peniaze tým že  budem robiť to čo ma naozaj baví.
13.3.2024 13:03:39,chlapec,mesto,Pezinok,ZŠ Ľudovíta Štúra Modra,7.ročník,venujem sa športu,Telesná výchova,športové hry,Komédia,na exotickú pláž/ostrov,"Športové aktivity: Futbal, basketbal, plávanie, gymnastika, tenis alebo iný šport","športové výkony: vyhral som zápas, dosiahol som osobný rekord","rodina, zdravie, priatelia",radosť na oboch stranách,mier a bezpečnosť,"športový odborník (napr. inštruktor, tréner)",nemam vysnivane povolanie
13.3.2024 13:03:53,dievča,dedina,Pezinok,ZŠ Budmerice Budmerice,7.ročník,počúvam hudbu,Výtvarná výchova,hra so stavebnicou,Dobrodružný film,niekam k moru,"Umenie a kreatívne aktivity: Maľovanie, kreslenie, remeselné práce alebo vytváranie umeleckých diel",vytvoril som umelecké dielo,"rodina, zdravie, priatelia, láska, vzdelanie, šťastie a radosť, zvierata",vznikajú nové a silné priateľstvá,ochranu životného prostredia,"remeselné živnosti (napr. kuchár, kaderník, murár, tesár, mäsiar, manikúra)",Chcela by byt dyzajnérka. Mám rada usporiadavanie vecí.
13.3.2024 13:05:05,dievča,mesto,Pezinok,ZŠ Ľudovíta Štúra Modra,7.ročník,počúvam hudbu,"Vedecké predmety (biológia, chémia, fyzika)",logické hry,detektívky,na exotickú pláž/ostrov,Debaty a komunikácia,"učebné úspechy: dosiahol som vysoké hodnotenie z testu, zvládol som náročné učivo, zvládol som skúšku","láska, vzdelanie, šťastie a radosť",radosť na oboch stranách,ochranu životného prostredia,"zdravotníctvo (napr. lekár, farmaceut, masér)",patológ bolo by to pre mna zaujímavé a pomohla by som ľudom vyriešiť smrť blízkeho alebo pomôcť policajtom vyriešiť vraždu
13.3.2024 13:05:17,dievča,dedina,Pezinok,ZŠ Budmerice Budmerice,7.ročník,"pocuvam hudbu, hram sport, citanie knihy",biologia,hra na povolania lekár/veterinár,Animovaný film,na hory,"hadzana,folklorny subor,organizacia udalosti,klavir",ucebne a sportovy vykon,"rodina, zdravie, priatelia, láska, vzdelanie, príroda a životné prostredie, mier a spravodlivosť, šťastie a radosť, sloboda","mám rád, keď som vzorom pre druhých",boj proti chudobe,"bankovníctvo (napr. bankový poradca), ekonomika, financie, účtovníctvo (napr. audítor, daňový špecialista, účtovník), obchod a služby so zákazníkom (maklér, predavač), zdravotníctvo (napr. lekár, farmaceut, masér), veterinárske lekárstvo (napr. veterinárny lekár, veterinárny asistent)",nemam vysnivane povolanie ale velmi rada organizujem a pracujem s pocitacmi. 
13.3.2024 13:05:46,dievča,mesto,Pezinok,ZŠ Ľudovíta Štúra Modra,7.ročník,"počúvam hudbu, čitam kinhu a skladám puzzle",Hudba,logické hry,Komédia,na festival,Debaty a komunikácia,zaspievala som na koncerte tak že som bola spokaojná,"rodina, láska, mier a spravodlivosť","súcitím s ľuďmi, ktorí majú ťažkosti (empatia)",všetko z tohto,"marketing a reklama (napr. grafik, marketingový analytik), umelecká (herectvo, spev, tanec...)",Asi nič nie ale páčilo by sa mi byť divadelnou / muzikálovou herečkou
13.3.2024 13:06:43,chlapec,mesto,Pezinok,ZŠ Ľudovíta Štúra Modra,7.ročník,"gitara, pocuvanie hudby",Telesná výchova,pc hry,ziadne,na festival,ziadne,ziadne,"rodina, mier a spravodlivosť, peniaze","súcitím s ľuďmi, ktorí majú ťažkosti (empatia)",mier a bezpečnosť,okolo hudby...,
13.3.2024 13:06:58,dievča,mesto,Pezinok,ZŠ Ľudovíta Štúra Modra,7.ročník,venujem sa športu,Výtvarná výchova,logické hry,Animovaný film,do národného parku,"Umenie a kreatívne aktivity: Maľovanie, kreslenie, remeselné práce alebo vytváranie umeleckých diel","naučil som sa niečo nové (jazyk, šport)",sloboda,ked mozem tak sa vyhnem pomahaniu ostatnim,spravodlivosť,"športový odborník (napr. inštruktor, tréner)","tatér, rada si kreslim na ruky a aj niekedy kreslim na kamaratov, citim sa lepsie ked to robim"
13.3.2024 13:11:20,dievča,mesto,Pezinok,ZŠ Ľudovíta Štúra Modra,7.ročník,hrám sa vonku s priateľmi,Dejepis,vytváranie príbehov alebo scenárov,Romantický film,do historického mesta,Debaty a komunikácia,dosiahol som osobné ciele a viac sa spoznal,"rodina, zdravie, vzdelanie","súcitím s ľuďmi, ktorí majú ťažkosti (empatia)",spravodlivosť,"doprava a logistika (napr. pilot, lodný kapitán, rušňovodič, kuriér), pedagogické povolania (napr. učiteľ, vychovávateľ), zdravotníctvo (napr. lekár, farmaceut, masér), Právnička",Moje vysnívané povolanie je právnička. Od malička som rada s dospelími preberala rôzne témy a vždy si obhájila a vyargumentovala svoj postoj. Tiež je pre mňa velmi dôležitá spravodlivost a mier medzi ľudmi. Ak by som vyštudovala právo tiež by som sa mohla venovat politike čo by ma tiež bavilo.
13.3.2024 13:15:40,dievča,mesto,Pezinok,ZŠ Ľudovíta Štúra Modra,9.ročník,venujem sa športu,Jazyk a literatúra,vedecké hry,Fantasy a Sci-fi film,na hory,"Dramatické umenie: Herectvo, réžia, divadelné predstavenia",dobrovoľnícka činnosť,šťastie a radosť,"mám rád, keď som vzorom pre druhých",mier a bezpečnosť,"veterinárske lekárstvo (napr. veterinárny lekár, veterinárny asistent)",
13.3.2024 13:15:56,chlapec,dedina,Pezinok,ZŠ Budmerice Budmerice,9.ročník,hrám videohry,"Technické predmety (informatika, technická výchova)",logické hry,Fantasy a Sci-fi film,na hory,"Programovanie a technológie: Programovanie počítačových hier, tvorba webových stránok alebo práca s technologickými zariadeniami",naprogramoval som aplikáciu,"rodina, zdravie, mier a spravodlivosť",vznikajú nové a silné priateľstvá,zlepšenie vzdelávania,"ekonomika, financie, účtovníctvo (napr. audítor, daňový špecialista, účtovník), informačné technológie (napr. programátor, IT analytik, web dizajnér)",programator
13.3.2024 13:16:22,chlapec,mesto,Pezinok,ZŠ Ľudovíta Štúra Modra,9.ročník,venujem sa športu,Telesná výchova,športové hry,Romantický film,na exotickú pláž/ostrov,"Športové aktivity: Futbal, basketbal, plávanie, gymnastika, tenis alebo iný šport","športové výkony: vyhral som zápas, dosiahol som osobný rekord","rodina, zdravie, priatelia, láska, sloboda",rád robím dobré skutky,mier a bezpečnosť,"remeselné živnosti (napr. kuchár, kaderník, murár, tesár, mäsiar, manikúra)",Stavebný manažér
13.3.2024 13:16:26,chlapec,mesto,Pezinok,ZŠ Ľudovíta Štúra Modra,9.ročník,počúvam hudbu,Jazyky,hra na povolania lekár/veterinár,Komédia,do veľkého mesta,Jazykové zručnosti,vytvoril som umelecké dielo,"rodina, zdravie, priatelia","mám rád, keď som vzorom pre druhých",zlepšenie vzdelávania,"bankovníctvo (napr. bankový poradca), zdravotníctvo (napr. lekár, farmaceut, masér)",DOKTOR PRETOZE ZAROBI VELA PENAZI +MA TO ZAUJMA A SOM LINGVISTICKY ZRUCNY CIZE DAKAM DO SVAJCIARSKA ALEBO AMWRIKY LA
13.3.2024 13:17:09,chlapec,mesto,Pezinok,ZŠ Ľudovíta Štúra Modra,9.ročník,venujem sa športu,Telesná výchova,športové hry,Dobrodružný film,na festival,"Športové aktivity: Futbal, basketbal, plávanie, gymnastika, tenis alebo iný šport","športové výkony: vyhral som zápas, dosiahol som osobný rekord","rodina, zdravie, sloboda",radosť na oboch stranách,spravodlivosť,"športový odborník (napr. inštruktor, tréner)",
13.3.2024 13:17:25,dievča,dedina,Pezinok,ZŠ Budmerice Budmerice,9.ročník,oddychujem a zabávam sa pozeraním televízora,Jazyky,športové hry,Romantický film,do veľkého mesta,"Umenie a kreatívne aktivity: Maľovanie, kreslenie, remeselné práce alebo vytváranie umeleckých diel",úspešne som prekonal svoj strach,"rodina, priatelia, šťastie a radosť",vznikajú nové a silné priateľstvá,spravodlivosť,"manažment (napr. vedúci predajne, projektový manažér), marketing a reklama (napr. grafik, marketingový analytik), športový odborník (napr. inštruktor, tréner), zdravotníctvo (napr. lekár, farmaceut, masér), architektúra, stavebníctvo, geodézia (napr. architekt, stavebný dozor, geodet)",
13.3.2024 13:17:52,dievča,mesto,Pezinok,ZŠ Ľudovíta Štúra Modra,9.ročník,oddychujem a zabávam sa pozeraním televízora,Jazyky,vytváranie príbehov alebo scenárov,Akčný film,na exotickú pláž/ostrov,Jazykové zručnosti,úspešne som prekonal svoj strach,"rodina, zdravie, šťastie a radosť","súcitím s ľuďmi, ktorí majú ťažkosti (empatia)",ochranu životného prostredia,"marketing a reklama (napr. grafik, marketingový analytik), remeselné živnosti (napr. kuchár, kaderník, murár, tesár, mäsiar, manikúra)",
13.3.2024 13:18:10,chlapec,mesto,Pezinok,ZŠ Ľudovíta Štúra Modra,9.ročník,hrám videohry,Telesná výchova,Elden Ring ,Akčný film,do polárnych oblastí,"Športové aktivity: Futbal, basketbal, plávanie, gymnastika, tenis alebo iný šport","učebné úspechy: dosiahol som vysoké hodnotenie z testu, zvládol som náročné učivo, zvládol som skúšku","rodina, láska, dobrosrdečnosť a pomoc druhým","súcitím s ľuďmi, ktorí majú ťažkosti (empatia)",lepšiu zdravotnícku starostlivosť,"zdravotníctvo (napr. lekár, farmaceut, masér)","Chirurg, chcem pomáhať luďom"
13.3.2024 13:18:32,chlapec,mesto,Pezinok,ZŠ Ľudovíta Štúra Modra,9.ročník,počúvam hudbu,Matematika,logické hry,Fantasy a Sci-fi film,do krajiny s exotickou kuchyňou,"Športové aktivity: Futbal, basketbal, plávanie, gymnastika, tenis alebo iný šport",dobrovoľnícka činnosť,"rodina, zdravie, príroda a životné prostredie","súcitím s ľuďmi, ktorí majú ťažkosti (empatia)",boj proti chudobe,"informačné technológie (napr. programátor, IT analytik, web dizajnér), remeselné živnosti (napr. kuchár, kaderník, murár, tesár, mäsiar, manikúra)",
13.3.2024 13:18:58,dievča,mesto,Pezinok,ZŠ Ľudovíta Štúra Modra,9.ročník,spím,"Vedecké predmety (biológia, chémia, fyzika)",hra na povolania lekár/veterinár,Komédia,do vesmíru,"Umenie a kreatívne aktivity: Maľovanie, kreslenie, remeselné práce alebo vytváranie umeleckých diel",úspešne som prekonal svoj strach,"priatelia, mier a spravodlivosť, sloboda","súcitím s ľuďmi, ktorí majú ťažkosti (empatia)",spravodlivosť,"veterinárske lekárstvo (napr. veterinárny lekár, veterinárny asistent)",Veterinárka
13.3.2024 13:19:37,dievča,dedina,Pezinok,ZŠ Budmerice Budmerice,9.ročník,čítam knihu,Matematika,športové hry,Fantasy a Sci-fi film,na exotickú pláž/ostrov,"Športové aktivity: Futbal, basketbal, plávanie, gymnastika, tenis alebo iný šport",dosiahol som osobné ciele a viac sa spoznal,"zdravie, láska, šťastie a radosť","súcitím s ľuďmi, ktorí majú ťažkosti (empatia)",boj proti chudobe,"ekonomika, financie, účtovníctvo (napr. audítor, daňový špecialista, účtovník), manažment (napr. vedúci predajne, projektový manažér), športový odborník (napr. inštruktor, tréner)",
13.3.2024 13:19:40,chlapec,mesto,Pezinok,ZŠ Ľudovíta Štúra Modra,9.ročník,hrám sa vonku s priateľmi,Jazyky,hra so stavebnicou,Romantický film,Trnava,Jazykové zručnosti,Vyhral som kompet v csku ,"rodina, zdravie, sloboda","súcitím s ľuďmi, ktorí majú ťažkosti (empatia)",zlepšenie vzdelávania,"architektúra, stavebníctvo, geodézia (napr. architekt, stavebný dozor, geodet)",Stavby veduci
13.3.2024 13:20:09,dievča,mesto,Pezinok,ZŠ Ľudovíta Štúra Modra,9.ročník,počúvam hudbu,Telesná výchova,športové hry,Dráma alebo Horror,na exotickú pláž/ostrov,"Športové aktivity: Futbal, basketbal, plávanie, gymnastika, tenis alebo iný šport","naučil som sa niečo nové (jazyk, šport)","rodina, priatelia, láska","súcitím s ľuďmi, ktorí majú ťažkosti (empatia)",spravodlivosť,"športový odborník (napr. inštruktor, tréner), veterinárske lekárstvo (napr. veterinárny lekár, veterinárny asistent)",
13.3.2024 13:20:15,dievča,mesto,Pezinok,ZŠ Ľudovíta Štúra Modra,9.ročník,čítam knihu,Jazyky,vytváranie príbehov alebo scenárov,Komédia,na exotickú pláž/ostrov,"Dramatické umenie: Herectvo, réžia, divadelné predstavenia",dosiahol som osobné ciele a viac sa spoznal,"rodina, vzdelanie, sebaláska","súcitím s ľuďmi, ktorí majú ťažkosti (empatia)",ochranu životného prostredia,pôsobenie vo filme,Herečka. Preto lebo ma baví hrať a učiť sa scénare. 
13.3.2024 13:20:53,chlapec,mesto,Pezinok,ZŠ Ľudovíta Štúra Modra,9.ročník,hrám videohry,Výtvarná výchova,role-playing hra,Dobrodružný film,na exotickú pláž/ostrov,Debaty a komunikácia,vytvoril som umelecké dielo,"rodina, zdravie, priatelia",radosť na oboch stranách,spravodlivosť,Vinár,Vinár
13.3.2024 13:22:49,dievča,mesto,Pezinok,ZŠ Ľudovíta Štúra Modra,9.ročník,oddychujem a zabávam sa pozeraním televízora,Matematika,hra na povolania lekár/veterinár,Romantický film,na exotickú pláž/ostrov,"Organizovanie udalostí, vedenie tímu alebo riadenie projektov","učebné úspechy: dosiahol som vysoké hodnotenie z testu, zvládol som náročné učivo, zvládol som skúšku","rodina, zdravie, priatelia",rád robím dobré skutky,mier a bezpečnosť,"manažment (napr. vedúci predajne, projektový manažér), obchod a služby so zákazníkom (maklér, predavač), sociálna starostlivosť (napr. opatrovateľ), pedagogické povolania (napr. učiteľ, vychovávateľ), zdravotníctvo (napr. lekár, farmaceut, masér)",
13.3.2024 13:25:27,chlapec,mesto,Pezinok,ZŠ Ľudovíta Štúra Modra,9.ročník,venujem sa športu,Matematika,logické hry,Fantasy a Sci-fi film,na exotickú pláž/ostrov,"Hranie logických hier (šach, sudoku), riešenie matematických hádaniek alebo účasť na matematických súťažiach","učebné úspechy: dosiahol som vysoké hodnotenie z testu, zvládol som náročné učivo, zvládol som skúšku","zdravie, láska, šťastie a radosť",rád robím dobré skutky,lepšiu zdravotnícku starostlivosť,"informačné technológie (napr. programátor, IT analytik, web dizajnér), architektúra, stavebníctvo, geodézia (napr. architekt, stavebný dozor, geodet)",
13.3.2024 13:28:11,chlapec,mesto,Pezinok,ZŠ Ľudovíta Štúra Modra,9.ročník,hrám videohry,Jazyky,logické hry,Akčný film,do krajiny s exotickou kuchyňou,Hrat csgo,Vyhrat major,"rodina, zdravie, priatelia, láska, mier a spravodlivosť, šťastie a radosť",rád robím dobré skutky,spravodlivosť,"ekonomika, financie, účtovníctvo (napr. audítor, daňový špecialista, účtovník), manažment (napr. vedúci predajne, projektový manažér)",Profesionálny hráč 
13.3.2024 13:28:41,chlapec,mesto,Pezinok,ZŠ Ľudovíta Štúra Modra,9.ročník,hrám videohry,Dejepis,logické hry,Akčný film,na exotickú pláž/ostrov,"Programovanie a technológie: Programovanie počítačových hier, tvorba webových stránok alebo práca s technologickými zariadeniami",dosiahol som osobné ciele a viac sa spoznal,"rodina, priatelia, vzdelanie",rád robím dobré skutky,mier a bezpečnosť,"doprava a logistika (napr. pilot, lodný kapitán, rušňovodič, kuriér), remeselné živnosti (napr. kuchár, kaderník, murár, tesár, mäsiar, manikúra)",
19.3.2024 10:02:56,dievča,dedina,Pezinok,ZŠ Budmerice Budmerice,6.ročník,hrám sa vonku s priateľmi,Matematika,logické hry,Fantasy a Sci-fi film,do veľkého mesta,"Športové aktivity: Futbal, basketbal, plávanie, gymnastika, tenis alebo iný šport",vytvoril som umelecké dielo,"rodina, zdravie, láska",pomáhať druhým je pre mňa spoločenská zodpovednosť,mier a bezpečnosť,"cestovný ruch a hotelierstvo (napr. delegát, pracovník cestovnej kancelárie)",Kaderníctvo 
19.3.2024 10:04:02,dievča,dedina,Pezinok,ZŠ Budmerice Budmerice,6.ročník,hrám sa vonku s priateľmi,Výtvarná výchova,výtvarné hry,Romantický film,na exotickú pláž/ostrov,Debaty a komunikácia,dosiahol som osobné ciele a viac sa spoznal,"zdravie, príroda a životné prostredie, mier a spravodlivosť","súcitím s ľuďmi, ktorí majú ťažkosti (empatia)",ochranu životného prostredia,"architektúra, stavebníctvo, geodézia (napr. architekt, stavebný dozor, geodet)",
19.3.2024 10:05:03,chlapec,dedina,Pezinok,ZŠ Budmerice Budmerice,6.ročník,hrám videohry,Matematika,športové hry,Dobrodružný film,na hory,"Programovanie a technológie: Programovanie počítačových hier, tvorba webových stránok alebo práca s technologickými zariadeniami",naprogramoval som aplikáciu,"rodina, zdravie, priatelia, vzdelanie, príroda a životné prostredie, mier a spravodlivosť, šťastie a radosť, sloboda, dobrosrdečnosť a pomoc druhým",rád robím dobré skutky,ochranu životného prostredia,"informačné technológie (napr. programátor, IT analytik, web dizajnér)",Programátor a vývojár vo VALVE 
19.3.2024 10:06:44,chlapec,dedina,Pezinok,ZŠ Budmerice Budmerice,6.ročník,hrám sa vonku s priateľmi,Telesná výchova,športové hry,Akčný film,Na jupiter,"Športové aktivity: Futbal, basketbal, plávanie, gymnastika, tenis alebo iný šport","športové výkony: vyhral som zápas, dosiahol som osobný rekord","rodina, Ja","mám rád, keď som vzorom pre druhých",mier a bezpečnosť,"marketing a reklama (napr. grafik, marketingový analytik), športový odborník (napr. inštruktor, tréner)",Futbalista bohatý
19.3.2024 10:08:04,chlapec,dedina,Pezinok,ZŠ Budmerice Budmerice,6.ročník,hrám videohry,Geografia,role-playing hra,Akčný film,na hory,"Umenie a kreatívne aktivity: Maľovanie, kreslenie, remeselné práce alebo vytváranie umeleckých diel","učebné úspechy: dosiahol som vysoké hodnotenie z testu, zvládol som náročné učivo, zvládol som skúšku","rodina, zdravie, príroda a životné prostredie","súcitím s ľuďmi, ktorí majú ťažkosti (empatia)",ochranu životného prostredia,"ekonomika, financie, účtovníctvo (napr. audítor, daňový špecialista, účtovník)",
19.3.2024 10:08:29,dievča,dedina,Pezinok,ZŠ Budmerice Budmerice,6.ročník,čítam knihu,Telesná výchova,logické hry,Fantasy a Sci-fi film,na exotickú pláž/ostrov,"Športové aktivity: Futbal, basketbal, plávanie, gymnastika, tenis alebo iný šport",dosiahol som osobné ciele a viac sa spoznal,"rodina, zdravie, láska",radosť na oboch stranách,ochranu životného prostredia,"pedagogické povolania (napr. učiteľ, vychovávateľ), architektúra, stavebníctvo, geodézia (napr. architekt, stavebný dozor, geodet), Dekorantka domu/záhrady",
19.3.2024 10:08:56,chlapec,dedina,Pezinok,ZŠ Budmerice Budmerice,6.ročník,venujem sa športu,Telesná výchova,športové hry,Akčný film,Japonsko,"Športové aktivity: Futbal, basketbal, plávanie, gymnastika, tenis alebo iný šport","športové výkony: vyhral som zápas, dosiahol som osobný rekord","rodina, mier a spravodlivosť, šťastie a radosť",rád robím dobré skutky,mier a bezpečnosť,"doprava a logistika (napr. pilot, lodný kapitán, rušňovodič, kuriér), športový odborník (napr. inštruktor, tréner), Vojak",
19.3.2024 10:10:06,dievča,dedina,Pezinok,ZŠ Budmerice Budmerice,6.ročník,Venujem sa zvieratám,Biológia,výtvarné hry,Horory,na festival,Debaty a komunikácia,"naučil som sa niečo nové (jazyk, šport)",rodina,"mám rád, keď som vzorom pre druhých",boj proti chudobe,"športový odborník (napr. inštruktor, tréner), veterinárske lekárstvo (napr. veterinárny lekár, veterinárny asistent)","Koniarstvo -milujem kone aj jazdenie bavi ma to a je to super konicek(aktivita)
"
4.4.2024 17:11:27,dievča,mesto,Pezinok,ZŠ Ľudovíta Štúra Modra,7.ročník,kreslím alebo maľujem,Hudba,športové hry,porno,na hory,"Športové aktivity: Futbal, basketbal, plávanie, gymnastika, tenis alebo iný šport",vytvoril som umelecké dielo,"rodina, zdravie, priatelia",rád robím dobré skutky,spravodlivosť,"obchod a služby so zákazníkom (maklér, predavač)",policajt
9.4.2024 21:23:11,chlapec,dedina,Pezinok,ZŠ Budmerice Budmerice,9.ročník,čítam knihu,Jazyk a literatúra,logické hry,Dokumentárny film,do historického mesta,"Umenie a kreatívne aktivity: Maľovanie, kreslenie, remeselné práce alebo vytváranie umeleckých diel",vytvoril som umelecké dielo,"zdravie, láska, mier a spravodlivosť",rád robím dobré skutky,zlepšenie vzdelávania,bankovníctvo (napr. bankový poradca),menežér
10.4.2024 11:59:13,dievča,mesto,Pezinok,ZŠ Ľudovíta Štúra Modra,8.ročník,kreslím alebo maľujem,Výtvarná výchova,vedecké hry,Romantický film,do historického mesta,"Umenie a kreatívne aktivity: Maľovanie, kreslenie, remeselné práce alebo vytváranie umeleckých diel",dobrovoľnícka činnosť,"zdravie, priatelia, láska",rád robím dobré skutky,boj proti chudobe,"športový odborník (napr. inštruktor, tréner)",umelec
10.4.2024 12:00:02,chlapec,dedina,Pezinok,ZŠ Budmerice Budmerice,6.ročník,hrám sa vonku s priateľmi,Matematika,role-playing hra,Akčný film,na exotickú pláž/ostrov,"Športové aktivity: Futbal, basketbal, plávanie, gymnastika, tenis alebo iný šport","naučil som sa niečo nové (jazyk, šport)","rodina, zdravie, láska",radosť na oboch stranách,ochranu životného prostredia,"informačné technológie (napr. programátor, IT analytik, web dizajnér)",Eticky hacker
10.4.2024 12:01:15,chlapec,dedina,Pezinok,ZŠ Budmerice Budmerice,6.ročník,hrám sa vonku s priateľmi,"Technické predmety (informatika, technická výchova)",role-playing hra,Akčný film,na exotickú pláž/ostrov,"Športové aktivity: Futbal, basketbal, plávanie, gymnastika, tenis alebo iný šport",úspešne som prekonal svoj strach,"rodina, zdravie, priatelia, láska, vzdelanie, príroda a životné prostredie, mier a spravodlivosť, šťastie a radosť, sloboda, dobrosrdečnosť a pomoc druhým","súcitím s ľuďmi, ktorí majú ťažkosti (empatia)",ochranu životného prostredia,"informačné technológie (napr. programátor, IT analytik, web dizajnér), športový odborník (napr. inštruktor, tréner), architektúra, stavebníctvo, geodézia (napr. architekt, stavebný dozor, geodet)","Architekt
"
10.4.2024 12:01:33,dievča,dedina,Pezinok,ZŠ Budmerice Budmerice,6.ročník,hrám sa vonku s priateľmi,Telesná výchova,Stop zem ,Stop zem ,na exotickú pláž/ostrov,"Športové aktivity: Futbal, basketbal, plávanie, gymnastika, tenis alebo iný šport","učebné úspechy: dosiahol som vysoké hodnotenie z testu, zvládol som náročné učivo, zvládol som skúšku","rodina, zdravie, priatelia, vzdelanie, šťastie a radosť, dobrosrdečnosť a pomoc druhým",rád robím dobré skutky,spravodlivosť,"zdravotníctvo (napr. lekár, farmaceut, masér)",Zubár
10.4.2024 12:02:07,dievča,dedina,Pezinok,ZŠ Budmerice Budmerice,6.ročník,počúvam hudbu,Výtvarná výchova,Stop zem,Romantický film,Na koncert Yzomndiasa a Nik tena,"Športové aktivity: Futbal, basketbal, plávanie, gymnastika, tenis alebo iný šport","učebné úspechy: dosiahol som vysoké hodnotenie z testu, zvládol som náročné učivo, zvládol som skúšku","rodina, láska, príroda a životné prostredie, šťastie a radosť, dobrosrdečnosť a pomoc druhým",vznikajú nové a silné priateľstvá,mier a bezpečnosť,"cestovný ruch a hotelierstvo (napr. delegát, pracovník cestovnej kancelárie), zdravotníctvo (napr. lekár, farmaceut, masér)",Byť milionár sice ešte neviem ako ale budem!
10.4.2024 12:02:11,dievča,dedina,Pezinok,ZŠ Budmerice Budmerice,6.ročník,počúvam hudbu,Telesná výchova,Vybijana,Horor,Na festival yza a nika,"Športové aktivity: Futbal, basketbal, plávanie, gymnastika, tenis alebo iný šport","naučil som sa niečo nové (jazyk, šport)","rodina, priatelia, láska, dobrosrdečnosť a pomoc druhým, Aby sme sa nesudilii podla vzhaldu",rád robím dobré skutky,mier a bezpečnosť,"remeselné živnosti (napr. kuchár, kaderník, murár, tesár, mäsiar, manikúra)",Ano vzvelo lekar ale aj vyzadista
13.4.2024 20:48:13,dievča,mesto,Pezinok,ZŠ Ľudovíta Štúra Modra,3.ročník,hrám sa vonku s priateľmi,Výtvarná výchova,športové hry,Animovaný film,do vesmíru,"Športové aktivity: Futbal, basketbal, plávanie, gymnastika, tenis alebo iný šport","športové výkony: vyhral som zápas, dosiahol som osobný rekord","rodina, zdravie, priatelia",radosť na oboch stranách,ochranu životného prostredia,"veterinárske lekárstvo (napr. veterinárny lekár, veterinárny asistent)",
13.4.2024 20:49:42,chlapec,mesto,Pezinok,ZŠ Ľudovíta Štúra Modra,3.ročník,venujem sa športu,Telesná výchova,logické hry,Akčný film,na exotickú pláž/ostrov,"Športové aktivity: Futbal, basketbal, plávanie, gymnastika, tenis alebo iný šport","naučil som sa niečo nové (jazyk, šport)","láska, vzdelanie, príroda a životné prostredie",vznikajú nové a silné priateľstvá,zlepšenie umeleckej oblasti,"cestovný ruch a hotelierstvo (napr. delegát, pracovník cestovnej kancelárie), doprava a logistika (napr. pilot, lodný kapitán, rušňovodič, kuriér)",
13.4.2024 20:51:30,dievča,mesto,Pezinok,ZŠ Ľudovíta Štúra Modra,3.ročník,kreslím alebo maľujem,Hudba,hra na povolania lekár/veterinár,Animovaný film,na hory,"Hudobné nástroje: Klavír, gitara, husle, spev alebo iný hudobný nástroj",úspešne som prekonal svoj strach,"rodina, priatelia, mier a spravodlivosť",rád robím dobré skutky,spravodlivosť,"veterinárske lekárstvo (napr. veterinárny lekár, veterinárny asistent)",
13.4.2024 20:51:48,dievča,mesto,Pezinok,ZŠ Ľudovíta Štúra Modra,4.ročník,hrám videohry,Dejepis,výtvarné hry,Komédia,na festival,Práca s chemickými látkami,bol som vedúcim teamu,"mier a spravodlivosť, šťastie a radosť, sloboda","mám rád, keď som vzorom pre druhých",mier a bezpečnosť,bankovníctvo (napr. bankový poradca),
13.4.2024 20:52:03,dievča,mesto,Pezinok,ZŠ Ľudovíta Štúra Modra,3.ročník,hrám sa vonku s priateľmi,Matematika,vedecké hry,Akčný film,na festival,"Hudobné nástroje: Klavír, gitara, husle, spev alebo iný hudobný nástroj","učebné úspechy: dosiahol som vysoké hodnotenie z testu, zvládol som náročné učivo, zvládol som skúšku",zdravie,rád robím dobré skutky,ochranu životného prostredia,"ekonomika, financie, účtovníctvo (napr. audítor, daňový špecialista, účtovník)",
13.4.2024 20:52:31,chlapec,dedina,Pezinok,ZŠ Budmerice Budmerice,4.ročník,hrám sa s priateľmi spoločenské hry,Matematika,hra so stavebnicou,Fantasy a Sci-fi film,na exotickú pláž/ostrov,"Hudobné nástroje: Klavír, gitara, husle, spev alebo iný hudobný nástroj","učebné úspechy: dosiahol som vysoké hodnotenie z testu, zvládol som náročné učivo, zvládol som skúšku","rodina, zdravie, dobrosrdečnosť a pomoc druhým","súcitím s ľuďmi, ktorí majú ťažkosti (empatia)",ochranu životného prostredia,"ekonomika, financie, účtovníctvo (napr. audítor, daňový špecialista, účtovník)",
13.4.2024 20:53:15,dievča,dedina,Pezinok,ZŠ Budmerice Budmerice,5.ročník,hrám sa vonku s priateľmi,Jazyk a literatúra,hra na povolania lekár/veterinár,Animovaný film,do veľkého mesta,"Umenie a kreatívne aktivity: Maľovanie, kreslenie, remeselné práce alebo vytváranie umeleckých diel",vytvoril som umelecké dielo,"priatelia, láska, vzdelanie",rád robím dobré skutky,spravodlivosť,"informačné technológie (napr. programátor, IT analytik, web dizajnér)",
13.4.2024 20:53:27,chlapec,dedina,Pezinok,ZŠ Budmerice Budmerice,3.ročník,hrám videohry,Hudba,športové hry,Akčný film,do džungle/tropického lesa,"Hranie logických hier (šach, sudoku), riešenie matematických hádaniek alebo účasť na matematických súťažiach","športové výkony: vyhral som zápas, dosiahol som osobný rekord",rodina,"súcitím s ľuďmi, ktorí majú ťažkosti (empatia)",spravodlivosť,"architektúra, stavebníctvo, geodézia (napr. architekt, stavebný dozor, geodet)",
13.4.2024 20:54:00,chlapec,mesto,Pezinok,ZŠ Ľudovíta Štúra Modra,5.ročník,čítam knihu,"Vedecké predmety (biológia, chémia, fyzika)",role-playing hra,Dobrodružný film,do národného parku,Jazykové zručnosti,naprogramoval som aplikáciu,"príroda a životné prostredie, mier a spravodlivosť, šťastie a radosť",pomáhať druhým je pre mňa spoločenská zodpovednosť,zlepšenie vzdelávania,"manažment (napr. vedúci predajne, projektový manažér)",
13.4.2024 20:54:45,dievča,mesto,Pezinok,ZŠ Ľudovíta Štúra Modra,6.ročník,kreslím alebo maľujem,Hudba,športové hry,Dokumentárny film,do historického mesta,Práca s chemickými látkami,bol som vedúcim teamu,"rodina, sloboda, dobrosrdečnosť a pomoc druhým",vznikajú nové a silné priateľstvá,boj proti chudobe,"marketing a reklama (napr. grafik, marketingový analytik)",
13.4.2024 20:54:45,chlapec,mesto,Pezinok,ZŠ Ľudovíta Štúra Modra,3.ročník,hrám sa s priateľmi spoločenské hry,Telesná výchova,hra so stavebnicou,Dobrodružný film,do vesmíru,"Športové aktivity: Futbal, basketbal, plávanie, gymnastika, tenis alebo iný šport","športové výkony: vyhral som zápas, dosiahol som osobný rekord","rodina, zdravie, priatelia",rád robím dobré skutky,boj proti chudobe,"doprava a logistika (napr. pilot, lodný kapitán, rušňovodič, kuriér)",
13.4.2024 20:54:51,dievča,dedina,Pezinok,ZŠ Budmerice Budmerice,4.ročník,oddychujem a zabávam sa pozeraním televízora,Výtvarná výchova,vedecké hry,Fantasy a Sci-fi film,na hory,"Programovanie a technológie: Programovanie počítačových hier, tvorba webových stránok alebo práca s technologickými zariadeniami",naprogramoval som aplikáciu,mier a spravodlivosť,"mám rád, keď som vzorom pre druhých",zlepšenie inovácií a technológií,"architektúra, stavebníctvo, geodézia (napr. architekt, stavebný dozor, geodet), veterinárske lekárstvo (napr. veterinárny lekár, veterinárny asistent)",
13.4.2024 20:55:31,chlapec,dedina,Pezinok,ZŠ Budmerice Budmerice,6.ročník,počúvam hudbu,Dejepis,výtvarné hry,Historický film,do krajiny s exotickou kuchyňou,"Hranie logických hier (šach, sudoku), riešenie matematických hádaniek alebo účasť na matematických súťažiach",úspešne som prekonal svoj strach,"zdravie, priatelia, láska",pomáhať druhým je pre mňa spoločenská zodpovednosť,zlepšenie inovácií a technológií,"obchod a služby so zákazníkom (maklér, predavač)",
13.4.2024 20:56:12,dievča,dedina,Pezinok,ZŠ Budmerice Budmerice,7.ročník,oddychujem a zabávam sa pozeraním televízora,"Technické predmety (informatika, technická výchova)",logické hry,Komédia,do polárnych oblastí,"Dramatické umenie: Herectvo, réžia, divadelné predstavenia",zúčastnil som sa matematickej súťaže,"vzdelanie, príroda a životné prostredie, mier a spravodlivosť",radosť na oboch stranách,zlepšenie umeleckej oblasti,"cestovný ruch a hotelierstvo (napr. delegát, pracovník cestovnej kancelárie), remeselné živnosti (napr. kuchár, kaderník, murár, tesár, mäsiar, manikúra)",
13.4.2024 20:56:33,chlapec,dedina,Pezinok,ZŠ Budmerice Budmerice,4.ročník,tvorím a modelujem rôzne projekty,"Vedecké predmety (biológia, chémia, fyzika)",výtvarné hry,Dobrodružný film,na exotickú pláž/ostrov,"Hranie logických hier (šach, sudoku), riešenie matematických hádaniek alebo účasť na matematických súťažiach",dosiahol som osobné ciele a viac sa spoznal,rodina,rád robím dobré skutky,ochranu životného prostredia,"remeselné živnosti (napr. kuchár, kaderník, murár, tesár, mäsiar, manikúra)",
13.4.2024 20:57:13,chlapec,mesto,Pezinok,ZŠ Ľudovíta Štúra Modra,7.ročník,venujem sa športu,Telesná výchova,vedecké hry,Akčný film,na exotickú pláž/ostrov,"Hranie logických hier (šach, sudoku), riešenie matematických hádaniek alebo účasť na matematických súťažiach","naučil som sa niečo nové (jazyk, šport)","rodina, šťastie a radosť, sloboda",vznikajú nové a silné priateľstvá,mier a bezpečnosť,"architektúra, stavebníctvo, geodézia (napr. architekt, stavebný dozor, geodet)",
13.4.2024 20:57:51,dievča,dedina,Pezinok,ZŠ Budmerice Budmerice,5.ročník,venujem sa športu,Telesná výchova,športové hry,Komédia,do krajiny s exotickou kuchyňou,"Športové aktivity: Futbal, basketbal, plávanie, gymnastika, tenis alebo iný šport","naučil som sa niečo nové (jazyk, šport)",zdravie,pomáhať druhým je pre mňa spoločenská zodpovednosť,spravodlivosť,"zdravotníctvo (napr. lekár, farmaceut, masér)",
13.4.2024 20:59:21,chlapec,mesto,Pezinok,ZŠ Ľudovíta Štúra Modra,5.ročník,počúvam hudbu,Dejepis,hra na povolania lekár/veterinár,Akčný film,do historického mesta,"Hranie logických hier (šach, sudoku), riešenie matematických hádaniek alebo účasť na matematických súťažiach",úspešne som prekonal svoj strach,"príroda a životné prostredie, mier a spravodlivosť","súcitím s ľuďmi, ktorí majú ťažkosti (empatia)",kultúrnu rozmanitosť,"informačné technológie (napr. programátor, IT analytik, web dizajnér), architektúra, stavebníctvo, geodézia (napr. architekt, stavebný dozor, geodet)",
13.4.2024 21:00:46,dievča,mesto,Pezinok,ZŠ Ľudovíta Štúra Modra,6.ročník,venujem sa športu,Jazyk a literatúra,športové hry,Dobrodružný film,na hory,"Športové aktivity: Futbal, basketbal, plávanie, gymnastika, tenis alebo iný šport","športové výkony: vyhral som zápas, dosiahol som osobný rekord","zdravie, šťastie a radosť, sloboda",vznikajú nové a silné priateľstvá,spravodlivosť,"manažment (napr. vedúci predajne, projektový manažér), marketing a reklama (napr. grafik, marketingový analytik)",
13.4.2024 21:02:03,chlapec,dedina,Pezinok,ZŠ Budmerice Budmerice,6.ročník,hrám videohry,Hudba,vedecké hry,Animovaný film,na festival,"Programovanie a technológie: Programovanie počítačových hier, tvorba webových stránok alebo práca s technologickými zariadeniami",bol som vedúcim teamu,šťastie a radosť,radosť na oboch stranách,zlepšenie inovácií a technológií,"informačné technológie (napr. programátor, IT analytik, web dizajnér), pedagogické povolania (napr. učiteľ, vychovávateľ)",
13.4.2024 21:03:33,dievča,mesto,Pezinok,ZŠ Ľudovíta Štúra Modra,5.ročník,hrám sa s priateľmi spoločenské hry,"Technické predmety (informatika, technická výchova)",vytváranie príbehov alebo scenárov,Dokumentárny film,na festival,"Umenie a kreatívne aktivity: Maľovanie, kreslenie, remeselné práce alebo vytváranie umeleckých diel",dosiahol som osobné ciele a viac sa spoznal,dobrosrdečnosť a pomoc druhým,vznikajú nové a silné priateľstvá,boj proti chudobe,"pedagogické povolania (napr. učiteľ, vychovávateľ), veterinárske lekárstvo (napr. veterinárny lekár, veterinárny asistent)",
13.4.2024 21:03:46,dievča,dedina,Pezinok,ZŠ Budmerice Budmerice,4.ročník,čítam knihu,Výtvarná výchova,výtvarné hry,Komédia,do historického mesta,"Umenie a kreatívne aktivity: Maľovanie, kreslenie, remeselné práce alebo vytváranie umeleckých diel","učebné úspechy: dosiahol som vysoké hodnotenie z testu, zvládol som náročné učivo, zvládol som skúšku","rodina, zdravie, vzdelanie",rád robím dobré skutky,boj proti chudobe,"obchod a služby so zákazníkom (maklér, predavač)",
13.4.2024 21:04:34,chlapec,mesto,Pezinok,ZŠ Ľudovíta Štúra Modra,6.ročník,venujem sa športu,Hudba,športové hry,Komédia,do národného parku,"Programovanie a technológie: Programovanie počítačových hier, tvorba webových stránok alebo práca s technologickými zariadeniami","športové výkony: vyhral som zápas, dosiahol som osobný rekord","rodina, zdravie, sloboda","mám rád, keď som vzorom pre druhých",spravodlivosť,"marketing a reklama (napr. grafik, marketingový analytik), športový odborník (napr. inštruktor, tréner)",
13.4.2024 21:06:20,chlapec,mesto,Pezinok,ZŠ Ľudovíta Štúra Modra,4.ročník,hrám videohry,Telesná výchova,logické hry,Akčný film,do národného parku,"Športové aktivity: Futbal, basketbal, plávanie, gymnastika, tenis alebo iný šport",dosiahol som osobné ciele a viac sa spoznal,"rodina, zdravie, láska",rád robím dobré skutky,boj proti chudobe,"pedagogické povolania (napr. učiteľ, vychovávateľ)",
13.4.2024 21:08:24,dievča,mesto,Pezinok,ZŠ Ľudovíta Štúra Modra,5.ročník,čítam knihu,Hudba,hra na povolania lekár/veterinár,Romantický film,do vesmíru,Jazykové zručnosti,"učebné úspechy: dosiahol som vysoké hodnotenie z testu, zvládol som náročné učivo, zvládol som skúšku","rodina, zdravie, vzdelanie",rád robím dobré skutky,spravodlivosť,bankovníctvo (napr. bankový poradca),
13.4.2024 21:10:49,chlapec,mesto,Pezinok,ZŠ Ľudovíta Štúra Modra,5.ročník,kreslím alebo maľujem,Jazyk a literatúra,role-playing hra,Dobrodružný film,do vesmíru,"Umenie a kreatívne aktivity: Maľovanie, kreslenie, remeselné práce alebo vytváranie umeleckých diel",zúčastnil som sa matematickej súťaže,"rodina, zdravie, vzdelanie",radosť na oboch stranách,boj proti chudobe,"cestovný ruch a hotelierstvo (napr. delegát, pracovník cestovnej kancelárie)",
13.4.2024 21:14:21,dievča,dedina,Pezinok,ZŠ Budmerice Budmerice,6.ročník,čítam knihu,"Vedecké predmety (biológia, chémia, fyzika)",logické hry,Romantický film,na hory,"Hudobné nástroje: Klavír, gitara, husle, spev alebo iný hudobný nástroj","učebné úspechy: dosiahol som vysoké hodnotenie z testu, zvládol som náročné učivo, zvládol som skúšku","rodina, láska, vzdelanie",rád robím dobré skutky,zlepšenie vzdelávania,"pedagogické povolania (napr. učiteľ, vychovávateľ)",
13.4.2024 21:17:40,chlapec,dedina,Pezinok,ZŠ Budmerice Budmerice,6.ročník,hrám videohry,Matematika,logické hry,Akčný film,do vesmíru,"Športové aktivity: Futbal, basketbal, plávanie, gymnastika, tenis alebo iný šport","športové výkony: vyhral som zápas, dosiahol som osobný rekord","rodina, priatelia, sloboda","súcitím s ľuďmi, ktorí majú ťažkosti (empatia)",spravodlivosť,"doprava a logistika (napr. pilot, lodný kapitán, rušňovodič, kuriér)",
13.4.2024 21:21:25,dievča,mesto,Pezinok,ZŠ Ľudovíta Štúra Modra,7.ročník,venujem sa športu,Jazyk a literatúra,logické hry,Dokumentárny film,na hory,"Hudobné nástroje: Klavír, gitara, husle, spev alebo iný hudobný nástroj","učebné úspechy: dosiahol som vysoké hodnotenie z testu, zvládol som náročné učivo, zvládol som skúšku","rodina, zdravie, láska",rád robím dobré skutky,boj proti chudobe,"informačné technológie (napr. programátor, IT analytik, web dizajnér)",
13.4.2024 21:23:41,chlapec,mesto,Pezinok,ZŠ Ľudovíta Štúra Modra,7.ročník,hrám videohry,Matematika,logické hry,Komédia,do vesmíru,"Športové aktivity: Futbal, basketbal, plávanie, gymnastika, tenis alebo iný šport","športové výkony: vyhral som zápas, dosiahol som osobný rekord","rodina, priatelia, sloboda","súcitím s ľuďmi, ktorí majú ťažkosti (empatia)",spravodlivosť,"informačné technológie (napr. programátor, IT analytik, web dizajnér)",
13.4.2024 21:51:58,dievča,mesto,Pezinok,ZŠ Ľudovíta Štúra Modra,3.ročník,hrám sa vonku s priateľmi,Výtvarná výchova,výtvarné hry,Animovaný film,na hory,"Umenie a kreatívne aktivity: Maľovanie, kreslenie, remeselné práce alebo vytváranie umeleckých diel",vytvoril som umelecké dielo,šťastie a radosť,vznikajú nové a silné priateľstvá,ochranu životného prostredia,"marketing a reklama (napr. grafik, marketingový analytik)",
13.4.2024 21:56:59,chlapec,dedina,Pezinok,ZŠ Budmerice Budmerice,3.ročník,hrám sa s priateľmi spoločenské hry,"Technické predmety (informatika, technická výchova)",hra so stavebnicou,Dobrodružný film,do národného parku,"Programovanie a technológie: Programovanie počítačových hier, tvorba webových stránok alebo práca s technologickými zariadeniami",zúčastnil som sa matematickej súťaže,"zdravie, priatelia, vzdelanie",vznikajú nové a silné priateľstvá,zlepšenie inovácií a technológií,"informačné technológie (napr. programátor, IT analytik, web dizajnér)",
13.4.2024 22:00:53,dievča,dedina,Pezinok,ZŠ Budmerice Budmerice,4.ročník,hrám sa vonku s priateľmi,Jazyky,hra na povolania lekár/veterinár,Komédia,do veľkého mesta,Jazykové zručnosti,"naučil som sa niečo nové (jazyk, šport)","zdravie, priatelia, láska",rád robím dobré skutky,ochranu životného prostredia,"ekonomika, financie, účtovníctvo (napr. audítor, daňový špecialista, účtovník)",
13.4.2024 22:03:02,chlapec,mesto,Pezinok,ZŠ Ľudovíta Štúra Modra,4.ročník,hrám videohry,Matematika,logické hry,Animovaný film,do veľkého mesta,"Programovanie a technológie: Programovanie počítačových hier, tvorba webových stránok alebo práca s technologickými zariadeniami",zúčastnil som sa matematickej súťaže,"rodina, zdravie, priatelia",rád robím dobré skutky,ochranu životného prostredia,"pedagogické povolania (napr. učiteľ, vychovávateľ)",
13.4.2024 22:04:25,dievča,mesto,Pezinok,ZŠ Ľudovíta Štúra Modra,5.ročník,čítam knihu,Jazyk a literatúra,vytváranie príbehov alebo scenárov,Dokumentárny film,do historického mesta,"Umenie a kreatívne aktivity: Maľovanie, kreslenie, remeselné práce alebo vytváranie umeleckých diel",dosiahol som osobné ciele a viac sa spoznal,"rodina, zdravie, vzdelanie",pomáhať druhým je pre mňa spoločenská zodpovednosť,boj proti chudobe,"ekonomika, financie, účtovníctvo (napr. audítor, daňový špecialista, účtovník)",
13.4.2024 22:05:40,chlapec,dedina,Pezinok,ZŠ Budmerice Budmerice,5.ročník,tvorím a modelujem rôzne projekty,"Vedecké predmety (biológia, chémia, fyzika)",hra so stavebnicou,Fantasy a Sci-fi film,do džungle/tropického lesa,"Hranie logických hier (šach, sudoku), riešenie matematických hádaniek alebo účasť na matematických súťažiach","učebné úspechy: dosiahol som vysoké hodnotenie z testu, zvládol som náročné učivo, zvládol som skúšku","rodina, zdravie, mier a spravodlivosť","mám rád, keď som vzorom pre druhých",ochranu životného prostredia,"cestovný ruch a hotelierstvo (napr. delegát, pracovník cestovnej kancelárie)",
13.4.2024 22:06:49,dievča,dedina,Pezinok,ZŠ Budmerice Budmerice,6.ročník,čítam knihu,"Vedecké predmety (biológia, chémia, fyzika)",hra na povolania lekár/veterinár,Dobrodružný film,do historického mesta,"Umenie a kreatívne aktivity: Maľovanie, kreslenie, remeselné práce alebo vytváranie umeleckých diel","učebné úspechy: dosiahol som vysoké hodnotenie z testu, zvládol som náročné učivo, zvládol som skúšku","rodina, priatelia, šťastie a radosť",pomáhať druhým je pre mňa spoločenská zodpovednosť,ochranu životného prostredia,"ekonomika, financie, účtovníctvo (napr. audítor, daňový špecialista, účtovník)",
13.4.2024 22:08:02,chlapec,dedina,Pezinok,ZŠ Budmerice Budmerice,6.ročník,tvorím a modelujem rôzne projekty,Matematika,vedecké hry,Akčný film,do džungle/tropického lesa,"Hranie logických hier (šach, sudoku), riešenie matematických hádaniek alebo účasť na matematických súťažiach","učebné úspechy: dosiahol som vysoké hodnotenie z testu, zvládol som náročné učivo, zvládol som skúšku","rodina, zdravie, príroda a životné prostredie",rád robím dobré skutky,ochranu životného prostredia,"zdravotníctvo (napr. lekár, farmaceut, masér)",
13.4.2024 22:09:14,dievča,dedina,Pezinok,ZŠ Budmerice Budmerice,7.ročník,hrám sa vonku s priateľmi,"Vedecké predmety (biológia, chémia, fyzika)",vytváranie príbehov alebo scenárov,Dobrodružný film,do národného parku,"Hudobné nástroje: Klavír, gitara, husle, spev alebo iný hudobný nástroj",bol som vedúcim teamu,"rodina, zdravie, priatelia",rád robím dobré skutky,ochranu životného prostredia,bankovníctvo (napr. bankový poradca),
13.4.2024 22:11:41,chlapec,dedina,Pezinok,ZŠ Budmerice Budmerice,7.ročník,kreslím alebo maľujem,Matematika,hra so stavebnicou,Fantasy a Sci-fi film,do džungle/tropického lesa,Jazykové zručnosti,vytvoril som umelecké dielo,"rodina, zdravie, priatelia",vznikajú nové a silné priateľstvá,lepšiu zdravotnícku starostlivosť,"obchod a služby so zákazníkom (maklér, predavač)",
15.4.2024 20:04:24,chlapec,dedina,Pezinok,ZŠ Budmerice Budmerice,7.ročník,kreslím alebo maľujem,Hudba,vytváranie príbehov alebo scenárov,Dokumentárny film,do národného parku,"Umenie a kreatívne aktivity: Maľovanie, kreslenie, remeselné práce alebo vytváranie umeleckých diel","učebné úspechy: dosiahol som vysoké hodnotenie z testu, zvládol som náročné učivo, zvládol som skúšku",zdravie,"súcitím s ľuďmi, ktorí majú ťažkosti (empatia)",spravodlivosť,"sociálna starostlivosť (napr. opatrovateľ), pedagogické povolania (napr. učiteľ, vychovávateľ)",
15.4.2024 20:05:18,dievča,dedina,Pezinok,ZŠ Budmerice Budmerice,8.ročník,tvorím a modelujem rôzne projekty,Výtvarná výchova,logické hry,Akčný film,na exotickú pláž/ostrov,"Organizovanie udalostí, vedenie tímu alebo riadenie projektov",dosiahol som osobné ciele a viac sa spoznal,"rodina, zdravie, láska","súcitím s ľuďmi, ktorí majú ťažkosti (empatia)",spravodlivosť,"cestovný ruch a hotelierstvo (napr. delegát, pracovník cestovnej kancelárie)",
15.4.2024 20:06:42,chlapec,mesto,Pezinok,ZŠ Ľudovíta Štúra Modra,9.ročník,hrám videohry,"Technické predmety (informatika, technická výchova)",logické hry,Akčný film,do veľkého mesta,"Programovanie a technológie: Programovanie počítačových hier, tvorba webových stránok alebo práca s technologickými zariadeniami",naprogramoval som aplikáciu,"rodina, zdravie, sloboda",pomáhať druhým je pre mňa spoločenská zodpovednosť,zlepšenie inovácií a technológií,"informačné technológie (napr. programátor, IT analytik, web dizajnér)",
15.4.2024 20:07:21,chlapec,dedina,Pezinok,ZŠ Budmerice Budmerice,4.ročník,oddychujem a zabávam sa pozeraním televízora,"Technické predmety (informatika, technická výchova)",športové hry,Fantasy a Sci-fi film,na festival,"Športové aktivity: Futbal, basketbal, plávanie, gymnastika, tenis alebo iný šport","športové výkony: vyhral som zápas, dosiahol som osobný rekord",rodina,"súcitím s ľuďmi, ktorí majú ťažkosti (empatia)",spravodlivosť,"architektúra, stavebníctvo, geodézia (napr. architekt, stavebný dozor, geodet)",
15.4.2024 20:09:09,dievča,mesto,Pezinok,ZŠ Ľudovíta Štúra Modra,7.ročník,čítam knihu,Jazyk a literatúra,výtvarné hry,Romantický film,na exotickú pláž/ostrov,Jazykové zručnosti,bol som vedúcim teamu,"rodina, zdravie, vzdelanie",rád robím dobré skutky,zlepšenie vzdelávania,"pedagogické povolania (napr. učiteľ, vychovávateľ)",
15.4.2024 20:10:42,dievča,dedina,Pezinok,ZŠ Budmerice Budmerice,5.ročník,počúvam hudbu,"Vedecké predmety (biológia, chémia, fyzika)",hra na povolania lekár/veterinár,Dobrodružný film,do národného parku,"Hudobné nástroje: Klavír, gitara, husle, spev alebo iný hudobný nástroj","učebné úspechy: dosiahol som vysoké hodnotenie z testu, zvládol som náročné učivo, zvládol som skúšku","rodina, zdravie, priatelia",rád robím dobré skutky,lepšiu zdravotnícku starostlivosť,"zdravotníctvo (napr. lekár, farmaceut, masér)",
15.4.2024 20:13:52,chlapec,mesto,Pezinok,ZŠ Ľudovíta Štúra Modra,3.ročník,hrám sa vonku s priateľmi,Telesná výchova,športové hry,Animovaný film,na hory,"Športové aktivity: Futbal, basketbal, plávanie, gymnastika, tenis alebo iný šport","športové výkony: vyhral som zápas, dosiahol som osobný rekord","rodina, zdravie, šťastie a radosť",rád robím dobré skutky,ochranu životného prostredia,"doprava a logistika (napr. pilot, lodný kapitán, rušňovodič, kuriér)",
15.4.2024 20:17:01,chlapec,dedina,Pezinok,ZŠ Budmerice Budmerice,4.ročník,oddychujem a zabávam sa pozeraním televízora,Matematika,hra so stavebnicou,Dobrodružný film,do veľkého mesta,"Umenie a kreatívne aktivity: Maľovanie, kreslenie, remeselné práce alebo vytváranie umeleckých diel",úspešne som prekonal svoj strach,rodina,vznikajú nové a silné priateľstvá,zlepšenie umeleckej oblasti,"architektúra, stavebníctvo, geodézia (napr. architekt, stavebný dozor, geodet)",
15.4.2024 20:35:11,chlapec,mesto,Pezinok,ZŠ Ľudovíta Štúra Modra,8.ročník,tvorím a modelujem rôzne projekty,"Technické predmety (informatika, technická výchova)",vytváranie príbehov alebo scenárov,Dobrodružný film,do krajiny s exotickou kuchyňou,"Programovanie a technológie: Programovanie počítačových hier, tvorba webových stránok alebo práca s technologickými zariadeniami",dobrovoľnícka činnosť,rodina,radosť na oboch stranách,zlepšenie inovácií a technológií,"ekonomika, financie, účtovníctvo (napr. audítor, daňový špecialista, účtovník), informačné technológie (napr. programátor, IT analytik, web dizajnér)",
15.4.2024 20:36:05,chlapec,mesto,Pezinok,ZŠ Ľudovíta Štúra Modra,9.ročník,venujem sa športu,Telesná výchova,športové hry,Animovaný film,na exotickú pláž/ostrov,"Športové aktivity: Futbal, basketbal, plávanie, gymnastika, tenis alebo iný šport","športové výkony: vyhral som zápas, dosiahol som osobný rekord","rodina, zdravie, priatelia",pomáhať druhým je pre mňa spoločenská zodpovednosť,mier a bezpečnosť,"športový odborník (napr. inštruktor, tréner)",
15.4.2024 20:36:57,chlapec,dedina,Pezinok,ZŠ Budmerice Budmerice,6.ročník,čítam knihu,Jazyk a literatúra,vytváranie príbehov alebo scenárov,Fantasy a Sci-fi film,do národného parku,"Umenie a kreatívne aktivity: Maľovanie, kreslenie, remeselné práce alebo vytváranie umeleckých diel",dosiahol som osobné ciele a viac sa spoznal,"rodina, zdravie, vzdelanie",vznikajú nové a silné priateľstvá,zlepšenie vzdelávania,"pedagogické povolania (napr. učiteľ, vychovávateľ), zdravotníctvo (napr. lekár, farmaceut, masér)",
15.4.2024 20:37:58,dievča,mesto,Pezinok,ZŠ Ľudovíta Štúra Modra,6.ročník,hrám sa vonku s priateľmi,"Vedecké predmety (biológia, chémia, fyzika)",hra na povolania lekár/veterinár,Romantický film,na hory,Práca s chemickými látkami,"učebné úspechy: dosiahol som vysoké hodnotenie z testu, zvládol som náročné učivo, zvládol som skúšku","rodina, vzdelanie","súcitím s ľuďmi, ktorí majú ťažkosti (empatia)",lepšiu zdravotnícku starostlivosť,"zdravotníctvo (napr. lekár, farmaceut, masér), veterinárske lekárstvo (napr. veterinárny lekár, veterinárny asistent)",
15.4.2024 20:39:11,dievča,dedina,Pezinok,ZŠ Budmerice Budmerice,8.ročník,čítam knihu,"Technické predmety (informatika, technická výchova)",vedecké hry,Dokumentárny film,do historického mesta,"Umenie a kreatívne aktivity: Maľovanie, kreslenie, remeselné práce alebo vytváranie umeleckých diel",zúčastnil som sa matematickej súťaže,"šťastie a radosť, sloboda",rád robím dobré skutky,kultúrnu rozmanitosť,"marketing a reklama (napr. grafik, marketingový analytik), architektúra, stavebníctvo, geodézia (napr. architekt, stavebný dozor, geodet)",
15.4.2024 20:40:50,chlapec,mesto,Pezinok,ZŠ Ľudovíta Štúra Modra,5.ročník,hrám sa s priateľmi spoločenské hry,Hudba,vedecké hry,Komédia,do džungle/tropického lesa,"Dramatické umenie: Herectvo, réžia, divadelné predstavenia",bol som vedúcim teamu,"rodina, priatelia",radosť na oboch stranách,zlepšenie umeleckej oblasti,"bankovníctvo (napr. bankový poradca), ekonomika, financie, účtovníctvo (napr. audítor, daňový špecialista, účtovník)",
15.4.2024 20:42:06,dievča,dedina,Pezinok,ZŠ Budmerice Budmerice,3.ročník,kreslím alebo maľujem,Hudba,výtvarné hry,Dobrodružný film,do veľkého mesta,"Umenie a kreatívne aktivity: Maľovanie, kreslenie, remeselné práce alebo vytváranie umeleckých diel",vytvoril som umelecké dielo,rodina,vznikajú nové a silné priateľstvá,ochranu životného prostredia,"pedagogické povolania (napr. učiteľ, vychovávateľ)",
16.4.2024 12:25:17,dievča,dedina,Pezinok,ZŠ Budmerice Budmerice,6.ročník,čítam knihu,Jazyk a literatúra,logické hry,Romantický film,do veľkého mesta,Jazykové zručnosti,úspešne som prekonal svoj strach,"rodina, zdravie","súcitím s ľuďmi, ktorí majú ťažkosti (empatia)",ochranu životného prostredia,"informačné technológie (napr. programátor, IT analytik, web dizajnér), cestovný ruch a hotelierstvo (napr. delegát, pracovník cestovnej kancelárie)",
16.4.2024 12:27:00,chlapec,mesto,Pezinok,ZŠ Ľudovíta Štúra Modra,8.ročník,tvorím a modelujem rôzne projekty,"Technické predmety (informatika, technická výchova)",výtvarné hry,Akčný film,do historického mesta,"Programovanie a technológie: Programovanie počítačových hier, tvorba webových stránok alebo práca s technologickými zariadeniami",dobrovoľnícka činnosť,rodina,"mám rád, keď som vzorom pre druhých",spravodlivosť,"informačné technológie (napr. programátor, IT analytik, web dizajnér)",
16.4.2024 20:19:29,chlapec,mesto,Pezinok,ZŠ Ľudovíta Štúra Modra,9.ročník,počúvam hudbu,Hudba,logické hry,Komédia,do vesmíru,"Dramatické umenie: Herectvo, réžia, divadelné predstavenia",bol som vedúcim teamu,"vzdelanie, mier a spravodlivosť","mám rád, keď som vzorom pre druhých",boj proti chudobe,"ekonomika, financie, účtovníctvo (napr. audítor, daňový špecialista, účtovník), informačné technológie (napr. programátor, IT analytik, web dizajnér)",